0,75.0,https://www.spendwithpennies.com/the-best-chili-recipe/,by,holly495,from,484,votesjanuari,14,2019,,updat,juli,10,2020,,311,comment
0,0.0,https://www.spendwithpennies.com/the-best-chili-recipe/
0,50.0,https://www.spendwithpennies.com/the-best-chili-recipe/,pin,recip,jump,to,recip
0,0.0,https://www.spendwithpennies.com/the-best-chili-recipe/,thi,post,may,contain,affili,link,pleas,read,my,disclosur,polici
0,8.333333333333334,https://www.spendwithpennies.com/the-best-chili-recipe/,while,i,sometim,make,crockpot,chili,thi,easi,version,is,great,for,a,weeknight,meal
0,0.0,https://www.spendwithpennies.com/the-best-chili-recipe/,season
0,800.0,https://www.spendwithpennies.com/the-best-chili-recipe/,the,season,in,thi,recip,are,chili,powder,and,cumin,store,bought,or,homemad,chili,powder,work,well,in,thi,recip,what,is,in,chili,powder,sweet,paprika,garlic,powder,cayenn,pepper,onion,powder,oregano,and,cumin,mix,chili,powder,into,the,raw,ground,beef,befor,cook,to,ensur,everi,morsel,is,season,to,perfect
0,0.0,https://www.spendwithpennies.com/the-best-chili-recipe/
0,125.0,https://www.spendwithpennies.com/the-best-chili-recipe/,bean
0,740.3846153846154,https://www.spendwithpennies.com/the-best-chili-recipe/,i,use,can,red,kidney,bean,but,pinto,bean,or,black,bean,work,as,well,rins,bean,unless,use,chili,bean,befor,ad,to,remov,excess,salt,and,starch,chili,bean,add,great,flavor,what,are,chili,bean,usual,either,pinto,or,kidney,bean,with,ad,flavor,in,a,chili,style,sauc
0,589.2857142857142,https://www.spendwithpennies.com/the-best-chili-recipe/,brown,the,beef,onion,garlic,and,some,of,the,chili,powder,drain,ani,fat,simmer,add,remain,ingredi,and,simmer,uncov
0,239.72602739726025,https://www.spendwithpennies.com/the-best-chili-recipe/,when,make,chili,on,the,stove,i,simmer,it,uncov,which,allow,the,chili,to,natur,thicken,without,have,to,add,cornstarch,or,flour,while,thicken,chili,by,simmer,is,the,best,option,you,may,not,alway,have,time,to,let,it,reduc,if,you,dont,have,time,to,simmer,it,to,thicken,you,can,sprinkl,in,a,littl,bit,of,cornmeal,or,make,a,cornstarch,or,flour,slurri,and,add,it,in
0,19.23076923076923,https://www.spendwithpennies.com/the-best-chili-recipe/,if,you,can,spare,a,few,extra,minut,just,let,it,simmer,uncov
0,0.0,https://www.spendwithpennies.com/the-best-chili-recipe/
0,225.0,https://www.spendwithpennies.com/the-best-chili-recipe/,spice,level,thi,chili,is,just,right,for,our,like,but,you,can,increas,or,reduc,the,spice,level,to,your,like,for,extra,heat,leav,the,seed,in,your,jalapeno,or,add,a,few,dash,of,hot,sauc,or,a,sprinkl,of,chili,flake
0,155.17241379310346,https://www.spendwithpennies.com/the-best-chili-recipe/,ground,beef,ani,ground,meat,will,work,in,thi,recip,from,chicken,to,turkey,if,your,meat,ha,a,lot,of,fat,be,sure,to,drain,it,befor,simmer
0,228.26086956521738,https://www.spendwithpennies.com/the-best-chili-recipe/,beer,i,love,the,depth,of,flavor,that,a,bit,of,beer,add,feel,free,to,skip,the,beer,and,use,extra,broth
0,48.91304347826087,https://www.spendwithpennies.com/the-best-chili-recipe/,swap,the,spice,spice,up,your,chili,ani,way,youd,like,to,make,a,texmex,chili,toss,in,a,packet,of,taco,season
0,0.0,https://www.spendwithpennies.com/the-best-chili-recipe/
0,92.5925925925926,https://www.spendwithpennies.com/the-best-chili-recipe/,100,ye,chili,freez,and,reheat,beauti,we,freez,it,in,singl,size,portion,for,lunch,or,in,freezer,bag,for,a,quick,and,easi,weeknight,meal
0,150.0,https://www.spendwithpennies.com/the-best-chili-recipe/,defrost,in,the,fridg,overnight,and,heat,in,a,saucepan,or,the,microwav,to,serv
0,125.00000000000001,https://www.spendwithpennies.com/the-best-chili-recipe/,instant,pot,chili,easi,crock,pot,chili,recip,texa,chili,green,chili,recip,15,bean,slow,cooker,chili,slow,cooker,chicken,chili,slow,cooker,butternut,squash,chili
0,0.0,https://www.spendwithpennies.com/the-best-chili-recipe/
0,3604.938271604938,https://www.spendwithpennies.com/the-best-chili-recipe/,495,from,484,vote,review,recip,the,best,chili,recip,prep,time,20,minutescook,time,45,minutestot,time,1,hour,5,minut,serv,8,serv,author,holli,nilsson,thi,is,the,best,chili,recip,a,big,pot,of,ground,beef,chili,load,with,beef,and,bean,is,the,perfect,game,day,food,printpin,ingredients,2,pound,lean,ground,beef,1,onion,diced,1,jalapeno,seed,and,fine,diced,4,clove,garlic,minced,2,,tablespoon,chili,powder,divid,or,to,taste,1,teaspoon,cumin,1,green,bell,pepper,seed,and,diced,14,,ounc,crush,tomato,canned,19,ounc,kidney,bean,can,drain,,rinsed,14,,ounc,dice,tomato,with,juice,1,,cup,beef,broth,1,cup,beer,1,tablespoon,tomato,paste,1,tablespoon,brown,sugar,optional,salt,and,pepper,to,tast,instruct,combin,ground,beef,and,1,,tablespoon,chili,powderin,a,larg,pot,brown,ground,beef,onion,jalapeno,and,garlic,drain,ani,fatadd,in,remain,ingredi,and,bring,to,a,boil,reduc,heat,and,simmer,uncov,4560,minut,or,until,chili,ha,reach,desir,thicknesstop,with,cheddar,chees,green,onion,cilantro,or,other,favorit,top,recip,notesserv,size,1,12,cup,beer,can,be,replac,with,extra,broth,ani,ground,meat,will,work,in,thi,recip,option,top,sour,cream,red,or,green,onion,chees,jalapeno,cilantro,avocado,,lime,wedg,tortilla,chip,nutrit,informationcalori,395,carbohydr,27g,protein,29g,fat,17g,satur,fat,6g,cholesterol,77mg,sodium,283mg,potassium,1066mg,fiber,7g,sugar,6g,vitamin,a,870iu,vitamin,c,262mg,calcium,86mg,iron,62mg,nutrit,inform,provid,is,an,estim,and,will,vari,base,on,cook,method,and,brand,of,ingredi,use,keyword,chili,ground,beef,cours,main,cours,cuisin,american,tex,mex,,spendwithpenniescom,content,and,photograph,are,copyright,protect,share,of,thi,recip,is,both,encourag,and,appreci,copi,andor,past,full,recip,to,ani,social,media,is,strictli,prohibit,pleas,view,my,photo,use,polici,here
0,55.55555555555556,https://www.spendwithpennies.com/the-best-chili-recipe/,prep,time,20,minutescook,time,45,minutestot,time,1,hour,5,minut,serv,8,serv,author,holli,nilsson
0,375.0,https://www.spendwithpennies.com/the-best-chili-recipe/,thi,is,the,best,chili,recip,a,big,pot,of,ground,beef,chili,load,with,beef,and,bean,is,the,perfect,game,day,food
0,0.0,https://www.spendwithpennies.com/the-best-chili-recipe/,printpin
1,7669.753086419752,https://www.spendwithpennies.com/the-best-chili-recipe/,ingredients,2,pound,lean,ground,beef,1,onion,diced,1,jalapeno,seed,and,fine,diced,4,clove,garlic,minced,2,,tablespoon,chili,powder,divid,or,to,taste,1,teaspoon,cumin,1,green,bell,pepper,seed,and,diced,14,,ounc,crush,tomato,canned,19,ounc,kidney,bean,can,drain,,rinsed,14,,ounc,dice,tomato,with,juice,1,,cup,beef,broth,1,cup,beer,1,tablespoon,tomato,paste,1,tablespoon,brown,sugar,optional,salt,and,pepper,to,tast
0,0.0,https://www.spendwithpennies.com/the-best-chili-recipe/
0,1581.8181818181818,https://www.spendwithpennies.com/the-best-chili-recipe/,instruct,combin,ground,beef,and,1,,tablespoon,chili,powderin,a,larg,pot,brown,ground,beef,onion,jalapeno,and,garlic,drain,ani,fatadd,in,remain,ingredi,and,bring,to,a,boil,reduc,heat,and,simmer,uncov,4560,minut,or,until,chili,ha,reach,desir,thicknesstop,with,cheddar,chees,green,onion,cilantro,or,other,favorit,top
0,940.7894736842105,https://www.spendwithpennies.com/the-best-chili-recipe/,recip,notesserv,size,1,12,cup,beer,can,be,replac,with,extra,broth,ani,ground,meat,will,work,in,thi,recip,option,top,sour,cream,red,or,green,onion,chees,jalapeno,cilantro,avocado,,lime,wedg,tortilla,chip
0,0.0,https://www.spendwithpennies.com/the-best-chili-recipe/,nutrit,inform
0,4.032258064516129,https://www.spendwithpennies.com/the-best-chili-recipe/,calori,395,carbohydr,27g,protein,29g,fat,17g,satur,fat,6g,cholesterol,77mg,sodium,283mg,potassium,1066mg,fiber,7g,sugar,6g,vitamin,a,870iu,vitamin,c,262mg,calcium,86mg,iron,62mg
0,41.666666666666664,https://www.spendwithpennies.com/the-best-chili-recipe/,nutrit,inform,provid,is,an,estim,and,will,vari,base,on,cook,method,and,brand,of,ingredi,use
0,136.36363636363637,https://www.spendwithpennies.com/the-best-chili-recipe/,keyword,chili,ground,beef,cours,main,cours,cuisin,american,tex,mex
0,121.52777777777779,https://www.spendwithpennies.com/the-best-chili-recipe/,,spendwithpenniescom,content,and,photograph,are,copyright,protect,share,of,thi,recip,is,both,encourag,and,appreci,copi,andor,past,full,recip,to,ani,social,media,is,strictli,prohibit,pleas,view,my,photo,use,polici,here
0,218.75,https://www.spendwithpennies.com/the-best-chili-recipe/,my,1,favorit,of,cours,is,cornbread,or,just,plain,ol,toast,with,butter,pretti,much,ani,bread,to,sop,up,whatev,is,left,in,the,bottom,of,my,bowl,30,minut,dinner,roll,are,great,with,chili,too,if,you,need,to,stretch,out,the,meal,serv,it,over,white,rice
0,134.6153846153846,https://www.spendwithpennies.com/the-best-chili-recipe/,i,alway,put,out,a,collect,of,toppings,and,while,everyon,ha,a,differ,idea,as,to,what,goe,with,chili,i,have,a,few,stapl
0,208.33333333333334,https://www.spendwithpennies.com/the-best-chili-recipe/,sour,cream,red,or,green,onion,cheddar,chees,or,monterey,jack,jalapeno,cilantro,avocado,,lime,wedg,crouton,or,tortilla,chip
0,597.5609756097562,https://www.spendwithpennies.com/the-best-chili-recipe/,ye,it,lean,beef,load,with,tomato,and,bean,and,veggi,if,youd,like,ton,of,fiber,protein,and,flavor,all,in,one,bowl,be,sure,your,use,lean,beef,and,drain,ani,fat,or,use,ground,chickenturkey,if,you,prefer
0,375.0,https://www.spendwithpennies.com/the-best-chili-recipe/,choos,low,sodium,or,low,sugar,product,to,reduc,the,salt,and,sugar,in,thi,recip
0,0.0,https://www.spendwithpennies.com/the-best-chili-recipe/
0,0.0,https://www.spendwithpennies.com/the-best-chili-recipe/
0,259.433962264151,https://www.spendwithpennies.com/the-best-chili-recipe/,main,disheschili,chees,dog,total,40,min,meatless,main,disheshomemad,lentil,chili,recip,total,51,min,appet,,snackschili,chees,fri,total,50,min,soup,,stewssavori,pumpkin,chili,total,1,hr,10,min,slow,cookerwhit,turkey,chili,total,4,hr,20,min,soup,,stewsgreen,chili,recip,total,4,hr,20,min
0,0.0,https://www.spendwithpennies.com/the-best-chili-recipe/,total,40,min
0,0.0,https://www.spendwithpennies.com/the-best-chili-recipe/,total,51,min
0,0.0,https://www.spendwithpennies.com/the-best-chili-recipe/,total,50,min
0,200.0,https://www.spendwithpennies.com/the-best-chili-recipe/,total,1,hr,10,min
0,25.0,https://www.spendwithpennies.com/the-best-chili-recipe/,total,4,hr,20,min
0,25.0,https://www.spendwithpennies.com/the-best-chili-recipe/,total,4,hr,20,min
0,0.0,https://www.spendwithpennies.com/the-best-chili-recipe/,pinterest,facebook,twitter,instagram
0,30.405405405405407,https://www.spendwithpennies.com/the-best-chili-recipe/,holli,is,a,wine,and,chees,lover,recip,creator,shop,enthusiast,and,self,appoint,foodi,her,greatest,passion,is,creat,in,the,kitchen,and,make,delici,comfort,recip,for,the,everyday,home,cook,more,post,by,holli
0,96.15384615384615,https://www.spendwithpennies.com/the-best-chili-recipe/,subscrib,to,receiv,weekli,recip,and,get,a,free,bonu,ebook,quick,,easi,weeknight,mealspleas,enabl,javascript,in,your,browser,to,complet,thi,formemail,gdpr,agreement,ye,send,me,the,latest,recip,via,email,messagego,you,can,unsubscrib,anytim,by,click,the,unsubscribe,link,at,the,bottom,of,email,you,receiv
0,159.0909090909091,https://www.spendwithpennies.com/the-best-chili-recipe/,air,fryerhoisin,air,fryer,chicken,thigh,total,1,hr,side,dishesbalsam,roast,brussel,sprout,total,35,min,bake,,breadsth,best,homemad,pizza,dough,recip,total,1,hr,19,min,casserolesclass,tater,tot,casserol,total,1,hr,bake,,breadsstrawberri,bread,total,1,hr,20,min,meatless,main,dishessesam,broccoli,stir,fri,total,35,min
0,333.33333333333337,https://www.spendwithpennies.com/the-best-chili-recipe/,total,1,hr
0,0.0,https://www.spendwithpennies.com/the-best-chili-recipe/,total,35,min
0,450.0,https://www.spendwithpennies.com/the-best-chili-recipe/,total,1,hr,19,min
0,333.33333333333337,https://www.spendwithpennies.com/the-best-chili-recipe/,total,1,hr
0,200.0,https://www.spendwithpennies.com/the-best-chili-recipe/,total,1,hr,20,min
0,0.0,https://www.spendwithpennies.com/the-best-chili-recipe/,total,35,min
0,120.68965517241378,https://www.spendwithpennies.com/the-best-chili-recipe/,your,email,address,will,not,be,publish,requir,field,are,mark,,recip,rate,recip,rate,comment,name,,email,,by,submit,thi,comment,you,agre,to,share,your,name,email,address,websit,and,ip,address,with,spend,with,penni,thi,inform,will,not,be,use,for,ani,purpos,other,than,enabl,you,to,post,a,comment
0,0.0,https://www.spendwithpennies.com/the-best-chili-recipe/,comment,navig,newest,comment
0,147.72727272727275,https://www.spendwithpennies.com/the-best-chili-recipe/,april,say,juli,11,2021,at,103,pm,thank,you,for,anoth,wonder,recip,i,love,to,brows,the,web,for,recip,idea,and,whenev,spend,with,penni,come,up,i,know,that,it,will,be,a,winner,repli,spend,with,penni,ch,say,juli,11,2021,at,804,pm,thank,you,april,so,glad,you,love,thi,chili,repli,david,herrold,say,june,25,2021,at,327,pm,i,quadrupl,thi,recip,to,feed,40,guy,i,left,out,the,beer,for,sobrieti,purpos,thi,wa,a,5,star,recip,all,the,way,around,everyon,love,thank,you,for,the,recip,repli,spend,with,penni,ch,say,june,27,2021,at,1035,am,your,welcom,david,so,glad,to,hear,everyon,love,the,chili,so,much,repli,dulc,say,june,20,2021,at,312,pm,loveeeee,thi,recip,i,cant,eat,just,ani,chili,i,love,thi,one,becaus,of,the,spice,the,chili,and,beer,i,made,it,last,weekend,for,our,camp,trip,and,it,wa,a,hit,thi,weekend,i,am,make,it,again,so,veri,delici,thank,you,for,the,recip,repli,spend,with,penni,ch,say,june,21,2021,at,952,am,your,welcom,im,so,happi,to,hear,how,much,you,love,the,chili,repli,david,say,june,14,2021,at,1209,am,i,tri,the,chili,recip,and,realli,enjoy,it,repli,luci,say,may,31,2021,at,842,am,thi,chilli,look,amaz,your,recip,are,alway,a,hit,at,our,hous,so,definit,look,forward,to,it,would,i,be,abl,to,make,thi,in,my,instant,pot,thank,,repli,spend,with,penni,ch,say,may,31,2021,at,146,pm,thank,you,luci,you,can,follow,the,method,in,thi,instant,pot,chili,recip,repli
0,0.0,https://www.spendwithpennies.com/the-best-chili-recipe/,comment,navig,older,comment
0,0.0,https://www.spendwithpennies.com/the-best-chili-recipe/,newest,comment
0,0.0,https://www.spendwithpennies.com/the-best-chili-recipe/,older,comment
0,41.666666666666664,https://www.spendwithpennies.com/the-best-chili-recipe/,i,am,a,wine,and,chees,lover,recip,creator,shop,enthusiast,and,selfappoint,foodi,my,greatest,passion,is,creat,in,the,kitchen,and,make,delici,comfort,recip
0,0.0,https://www.spendwithpennies.com/the-best-chili-recipe/,more,about,me
0,58.82352941176471,https://www.spendwithpennies.com/the-best-chili-recipe/,the,best,mash,potato,easi,homemad,lasagna,scallop,potato,recip,fluffi,homemad,waffl,recip,oven,bake,chicken,breast,the,best,chili,recip,easi,chicken,parmesan,bake,ham,with,brown,sugar,glaze,more,reader,favorit
0,83.33333333333334,https://www.spendwithpennies.com/the-best-chili-recipe/,home,cook,meal,for,everi,occas,from,quick,and,easi,weeknight,meal,to,turkey,dinner
0,0.0,https://www.spendwithpennies.com/the-best-chili-recipe/,search,here
0,0.0,https://www.spendwithpennies.com/the-best-chili-recipe/
0,0.0,https://www.spendwithpennies.com/the-best-chili-recipe/
0,38.46153846153846,https://www.spendwithpennies.com/the-best-chili-recipe/,moist,banana,bread,easi,stuf,pepper,perfect,pot,roast,juici,bake,pork,chop,classic,chicken,noodl,soup,bake,chicken,thigh,beef,stew,recip,easi,meatbal,recip
0,42.857142857142854,https://www.spendwithpennies.com/buffalo-chicken-mac-and-cheese/,by,holly5,from,17,votesmay,31,2021,,7,comment
0,0.0,https://www.spendwithpennies.com/buffalo-chicken-mac-and-cheese/
0,28.571428571428573,https://www.spendwithpennies.com/buffalo-chicken-mac-and-cheese/,pin,recip,jump,to,recip
0,0.0,https://www.spendwithpennies.com/buffalo-chicken-mac-and-cheese/,thi,post,may,contain,affili,link,pleas,read,my,disclosur,polici
0,304.147465437788,https://www.spendwithpennies.com/buffalo-chicken-mac-and-cheese/,easi,enough,for,everi,day,but,definit,a,celebrationworthi,dish,the,sauc,is,load,with,a,rich,cheesi,flavor,with,two,kind,of,cabot,chees,make,it,with,chicken,or,sub,in,your,favorit,protein,or,even,use,cauliflow,for,a,buffalo,cauliflow,mac,,chees,perfect,for,a,potluck,or,parti,and,readi,in,minut,use,storebought,or,homemad,rotisseri,chicken
0,0.0,https://www.spendwithpennies.com/buffalo-chicken-mac-and-cheese/
0,7.936507936507937,https://www.spendwithpennies.com/buffalo-chicken-mac-and-cheese/,chees,a,beauti,bold,chees,sauc,is,what,thi,dish,is,all,about,so,youll,need,qualiti,chees
0,471.4285714285714,https://www.spendwithpennies.com/buffalo-chicken-mac-and-cheese/,cabot,serious,sharp,cheddar,stand,up,beauti,next,to,buffalo,sauc,and,a,bit,of,cabot,pepper,jack,add,a,creami,kick,not,onli,do,these,chees,have,a,nice,bold,flavor,but,theyr,also,natur,age,and,truli,delici
0,69.68641114982579,https://www.spendwithpennies.com/buffalo-chicken-mac-and-cheese/,in,addit,to,truli,make,amaz,chees,cabot,is,a,certifi,b,corpor,thi,mean,they,meet,high,standard,of,social,and,environment,perform,and,as,a,cooper,of,dairi,farm,famili,100,of,the,profit,go,back,to,the,farmer
0,163.265306122449,https://www.spendwithpennies.com/buffalo-chicken-mac-and-cheese/,chicken,readymad,rotisseri,chicken,is,a,time,saver,and,ha,a,lightli,season,flavor,that,work,perfectli,for,thi,dish,leftov,chicken,smoke,sausag,or,even,boil,chicken,breast,work,well,in,thi,recip,too
0,177.3399014778325,https://www.spendwithpennies.com/buffalo-chicken-mac-and-cheese/,pasta,elbow,macaroni,noodl,are,the,standard,for,mac,and,chees,but,a,hearti,penn,rotini,or,farfal,aka,bowti,are,great,pasta,shape,that,the,sauc,cling,to
0,76.19047619047619,https://www.spendwithpennies.com/buffalo-chicken-mac-and-cheese/,sauc,thi,recip,use,a,bit,of,buffalo,sauc,in,an,easi,homemad,chees,sauc
0,38.961038961038966,https://www.spendwithpennies.com/buffalo-chicken-mac-and-cheese/,need,a,milder,version,check,your,hot,sauc,aisl,there,are,mild,sauc,avail,that,still,pack,a,punch,of,buffalo,flavor
0,0.0,https://www.spendwithpennies.com/buffalo-chicken-mac-and-cheese/
0,497.6958525345622,https://www.spendwithpennies.com/buffalo-chicken-mac-and-cheese/,cook,pasta,until,al,dent,rins,make,a,white,sauc,and,stir,in,the,serious,sharp,cheddar,and,pepper,jack,chees,until,creami,per,recip,below,add,buffalo,sauc,and,stir
0,0.0,https://www.spendwithpennies.com/buffalo-chicken-mac-and-cheese/
0,100.84033613445379,https://www.spendwithpennies.com/buffalo-chicken-mac-and-cheese/,combin,pasta,chicken,and,sauc,in,a,913,dish,sprinkl,the,top,over,the,casserol,and,bake
0,0.0,https://www.spendwithpennies.com/buffalo-chicken-mac-and-cheese/
0,339.2857142857143,https://www.spendwithpennies.com/buffalo-chicken-mac-and-cheese/,rememb,that,the,pasta,will,cook,more,as,it,bake,so,ensur,it,boil,to,al,dent,firm,the,sauc,is,a,bit,undersalt,as,the,buffalo,sauc,add,salt,tast,and,season,onc,the,sauc,is,mix,thi,recip,use,buffalo,sauc,not,just,a,straight,up,hot,sauc,for,the,best,flavor,to,kick,up,the,spice,toss,in,some,dice,jalapeno,or,red,pepper,flake,to,tame,the,spice,a,littl,look,for,a,mild,buffalo,sauc
0,0.0,https://www.spendwithpennies.com/buffalo-chicken-mac-and-cheese/
0,15.873015873015873,https://www.spendwithpennies.com/buffalo-chicken-mac-and-cheese/,although,realli,all,mac,and,chees,is,my,favorit
0,150.37593984962407,https://www.spendwithpennies.com/buffalo-chicken-mac-and-cheese/,stovetop,mac,and,chees,homemad,mac,and,chees,casserol,crock,pot,mac,and,chees,bake,cauliflow,mac,and,chees,homemad,one,pot,cheeseburg,macaroni,bake,jalapeo,mac,,chees,bake,mac,and,chees,15,minut,mac,and,chees
0,40.81632653061225,https://www.spendwithpennies.com/buffalo-chicken-mac-and-cheese/,did,you,love,thi,mac,and,chees,as,much,as,we,do,be,sure,to,leav,a,comment,and,rate,below
0,0.0,https://www.spendwithpennies.com/buffalo-chicken-mac-and-cheese/
0,2967.3645320197043,https://www.spendwithpennies.com/buffalo-chicken-mac-and-cheese/,5,from,17,vote,review,recip,buffalo,chicken,mac,and,chees,prep,time,20,minutescook,time,35,minutestot,time,55,minut,serv,8,author,holli,nilsson,cheesi,creami,and,a,littl,bit,spici,thi,buffalo,chicken,mac,,chees,is,the,ultim,pasta,dish,printpin,ingredients,16,ounc,dri,elbow,macaroni,,cup,butter,,cup,flour,1,teaspoon,onion,powder,2,,cup,milk,,cup,light,cream,,teaspoon,dri,mustard,powder,,teaspoon,salt,or,to,taste,3,cup,cabot,serious,sharp,cheddar,shred,,1,cup,cabot,pepper,jack,shred,,,cup,buffalo,sauce,3,cup,rotisseri,chicken,cook,and,shred,topping,,cup,season,bread,crumbs,2,tablespoon,butter,melt,instructionspreheat,oven,to,400fcook,macaroni,al,dent,in,salt,water,accord,to,packag,direct,drain,and,run,under,cold,water,to,stop,the,cookingwhil,the,macaroni,is,cook,melt,the,butter,in,a,saucepan,over,medium,heat,stir,in,flour,mustard,powder,and,onion,powder,and,cook,1,minuteadd,milk,and,cream,a,littl,bit,at,a,time,whisk,after,each,addit,the,mixtur,will,be,veri,thick,at,first,but,will,smooth,out,onc,combin,bring,to,a,boil,while,stir,and,let,boil,1,minuteremov,from,the,heat,and,add,cabot,serious,sharp,cheddar,and,cabot,pepper,jack,whisk,until,melt,and,smooth,onc,melt,stir,in,the,buffalo,saucecombin,the,cook,macaroni,chicken,and,chees,mixtur,mix,well,spread,into,a,greas,9x13,pancombin,top,and,sprinkl,over,the,macaronibak,2025,minut,or,until,bubbl,and,the,top,is,brown,recip,note,rememb,that,the,pasta,will,cook,more,as,it,bake,so,ensur,it,boil,to,al,dent,firm,the,sauc,is,a,bit,undersalt,as,the,buffalo,sauc,add,salt,tast,and,season,onc,the,sauc,is,mix,thi,recip,use,buffalo,sauc,not,just,a,straight,up,hot,sauc,for,the,best,flavor,to,kick,up,the,spice,toss,in,some,dice,jalapeno,or,red,pepper,flake,to,tame,the,spice,a,littl,look,for,a,mild,buffalo,sauc,nutrit,informationcalori,802,carbohydr,58g,protein,51g,fat,41g,satur,fat,22g,tran,fat,1g,cholesterol,182mg,sodium,1670mg,potassium,333mg,fiber,2g,sugar,6g,vitamin,a,1097iu,vitamin,c,1mg,calcium,544mg,iron,2mg,nutrit,inform,provid,is,an,estim,and,will,vari,base,on,cook,method,and,brand,of,ingredi,use,keyword,buffalo,chicken,mac,,chees,buffalo,chicken,mac,and,chees,buffalo,chicken,mac,and,chees,recip,how,to,make,buffalo,chicken,mac,and,chees,cours,casserol,chicken,dinner,main,cours,pasta,cuisin,american,,spendwithpenniescom,content,and,photograph,are,copyright,protect,share,of,thi,recip,is,both,encourag,and,appreci,copi,andor,past,full,recip,to,ani,social,media,is,strictli,prohibit,pleas,view,my,photo,use,polici,here
0,0.0,https://www.spendwithpennies.com/buffalo-chicken-mac-and-cheese/
0,0.0,https://www.spendwithpennies.com/buffalo-chicken-mac-and-cheese/
0,0.0,https://www.spendwithpennies.com/buffalo-chicken-mac-and-cheese/
0,0.0,https://www.spendwithpennies.com/buffalo-chicken-mac-and-cheese/
0,0.0,https://www.spendwithpennies.com/buffalo-chicken-mac-and-cheese/,prep,time,20,minutescook,time,35,minutestot,time,55,minut,serv,8,author,holli,nilsson
0,190.47619047619045,https://www.spendwithpennies.com/buffalo-chicken-mac-and-cheese/,cheesi,creami,and,a,littl,bit,spici,thi,buffalo,chicken,mac,,chees,is,the,ultim,pasta,dish
0,0.0,https://www.spendwithpennies.com/buffalo-chicken-mac-and-cheese/,printpin
1,7835.010060362173,https://www.spendwithpennies.com/buffalo-chicken-mac-and-cheese/,ingredients,16,ounc,dri,elbow,macaroni,,cup,butter,,cup,flour,1,teaspoon,onion,powder,2,,cup,milk,,cup,light,cream,,teaspoon,dri,mustard,powder,,teaspoon,salt,or,to,taste,3,cup,cabot,serious,sharp,cheddar,shred,,1,cup,cabot,pepper,jack,shred,,,cup,buffalo,sauce,3,cup,rotisseri,chicken,cook,and,shred,topping,,cup,season,bread,crumbs,2,tablespoon,butter,melt
0,0.0,https://www.spendwithpennies.com/buffalo-chicken-mac-and-cheese/
0,1213.7862137862137,https://www.spendwithpennies.com/buffalo-chicken-mac-and-cheese/,instructionspreheat,oven,to,400fcook,macaroni,al,dent,in,salt,water,accord,to,packag,direct,drain,and,run,under,cold,water,to,stop,the,cookingwhil,the,macaroni,is,cook,melt,the,butter,in,a,saucepan,over,medium,heat,stir,in,flour,mustard,powder,and,onion,powder,and,cook,1,minuteadd,milk,and,cream,a,littl,bit,at,a,time,whisk,after,each,addit,the,mixtur,will,be,veri,thick,at,first,but,will,smooth,out,onc,combin,bring,to,a,boil,while,stir,and,let,boil,1,minuteremov,from,the,heat,and,add,cabot,serious,sharp,cheddar,and,cabot,pepper,jack,whisk,until,melt,and,smooth,onc,melt,stir,in,the,buffalo,saucecombin,the,cook,macaroni,chicken,and,chees,mixtur,mix,well,spread,into,a,greas,9x13,pancombin,top,and,sprinkl,over,the,macaronibak,2025,minut,or,until,bubbl,and,the,top,is,brown
0,331.0104529616725,https://www.spendwithpennies.com/buffalo-chicken-mac-and-cheese/,recip,note,rememb,that,the,pasta,will,cook,more,as,it,bake,so,ensur,it,boil,to,al,dent,firm,the,sauc,is,a,bit,undersalt,as,the,buffalo,sauc,add,salt,tast,and,season,onc,the,sauc,is,mix,thi,recip,use,buffalo,sauc,not,just,a,straight,up,hot,sauc,for,the,best,flavor,to,kick,up,the,spice,toss,in,some,dice,jalapeno,or,red,pepper,flake,to,tame,the,spice,a,littl,look,for,a,mild,buffalo,sauc
0,0.0,https://www.spendwithpennies.com/buffalo-chicken-mac-and-cheese/,nutrit,inform
0,0.0,https://www.spendwithpennies.com/buffalo-chicken-mac-and-cheese/,calori,802,carbohydr,58g,protein,51g,fat,41g,satur,fat,22g,tran,fat,1g,cholesterol,182mg,sodium,1670mg,potassium,333mg,fiber,2g,sugar,6g,vitamin,a,1097iu,vitamin,c,1mg,calcium,544mg,iron,2mg
0,47.61904761904762,https://www.spendwithpennies.com/buffalo-chicken-mac-and-cheese/,nutrit,inform,provid,is,an,estim,and,will,vari,base,on,cook,method,and,brand,of,ingredi,use
0,411.764705882353,https://www.spendwithpennies.com/buffalo-chicken-mac-and-cheese/,keyword,buffalo,chicken,mac,,chees,buffalo,chicken,mac,and,chees,buffalo,chicken,mac,and,chees,recip,how,to,make,buffalo,chicken,mac,and,chees,cours,casserol,chicken,dinner,main,cours,pasta,cuisin,american
0,79.36507936507937,https://www.spendwithpennies.com/buffalo-chicken-mac-and-cheese/,,spendwithpenniescom,content,and,photograph,are,copyright,protect,share,of,thi,recip,is,both,encourag,and,appreci,copi,andor,past,full,recip,to,ani,social,media,is,strictli,prohibit,pleas,view,my,photo,use,polici,here
0,200.0,https://www.spendwithpennies.com/buffalo-chicken-mac-and-cheese/,pasta,and,pizzastovetop,mac,and,chees,total,20,min,instant,potinst,pot,mac,and,chees,total,26,min,casserolescheesi,chicken,,potato,casserol,total,1,hr,10,min,pasta,and,pizzahomemad,mac,and,chees,casserol,total,45,min,pasta,and,pizza15,minut,mac,and,chees,total,30,min,main,dishesdorito,chicken,tender,total,22,min
0,0.0,https://www.spendwithpennies.com/buffalo-chicken-mac-and-cheese/,total,20,min
0,0.0,https://www.spendwithpennies.com/buffalo-chicken-mac-and-cheese/,total,26,min
0,57.142857142857146,https://www.spendwithpennies.com/buffalo-chicken-mac-and-cheese/,total,1,hr,10,min
0,0.0,https://www.spendwithpennies.com/buffalo-chicken-mac-and-cheese/,total,45,min
0,0.0,https://www.spendwithpennies.com/buffalo-chicken-mac-and-cheese/,total,30,min
0,0.0,https://www.spendwithpennies.com/buffalo-chicken-mac-and-cheese/,total,22,min
0,0.0,https://www.spendwithpennies.com/buffalo-chicken-mac-and-cheese/,pinterest,facebook,twitter,instagram
0,30.888030888030887,https://www.spendwithpennies.com/buffalo-chicken-mac-and-cheese/,holli,is,a,wine,and,chees,lover,recip,creator,shop,enthusiast,and,self,appoint,foodi,her,greatest,passion,is,creat,in,the,kitchen,and,make,delici,comfort,recip,for,the,everyday,home,cook,more,post,by,holli
0,54.94505494505495,https://www.spendwithpennies.com/buffalo-chicken-mac-and-cheese/,subscrib,to,receiv,weekli,recip,and,get,a,free,bonu,ebook,quick,,easi,weeknight,mealspleas,enabl,javascript,in,your,browser,to,complet,thi,formemail,gdpr,agreement,ye,send,me,the,latest,recip,via,email,websitego,you,can,unsubscrib,anytim,by,click,the,unsubscribe,link,at,the,bottom,of,email,you,receiv
0,145.45454545454544,https://www.spendwithpennies.com/buffalo-chicken-mac-and-cheese/,air,fryerhoisin,air,fryer,chicken,thigh,total,1,hr,side,dishesbalsam,roast,brussel,sprout,total,35,min,bake,,breadsth,best,homemad,pizza,dough,recip,total,1,hr,19,min,casserolesclass,tater,tot,casserol,total,1,hr,bake,,breadsstrawberri,bread,total,1,hr,20,min,meatless,main,dishessesam,broccoli,stir,fri,total,35,min
0,95.23809523809524,https://www.spendwithpennies.com/buffalo-chicken-mac-and-cheese/,total,1,hr
0,0.0,https://www.spendwithpennies.com/buffalo-chicken-mac-and-cheese/,total,35,min
0,57.142857142857146,https://www.spendwithpennies.com/buffalo-chicken-mac-and-cheese/,total,1,hr,19,min
0,95.23809523809524,https://www.spendwithpennies.com/buffalo-chicken-mac-and-cheese/,total,1,hr
0,57.142857142857146,https://www.spendwithpennies.com/buffalo-chicken-mac-and-cheese/,total,1,hr,20,min
0,0.0,https://www.spendwithpennies.com/buffalo-chicken-mac-and-cheese/,total,35,min
0,73.89162561576356,https://www.spendwithpennies.com/buffalo-chicken-mac-and-cheese/,your,email,address,will,not,be,publish,requir,field,are,mark,,recip,rate,recip,rate,comment,name,,email,,by,submit,thi,comment,you,agre,to,share,your,name,email,address,websit,and,ip,address,with,spend,with,penni,thi,inform,will,not,be,use,for,ani,purpos,other,than,enabl,you,to,post,a,comment
0,176.87074829931973,https://www.spendwithpennies.com/buffalo-chicken-mac-and-cheese/,ami,hakala,say,june,9,2021,at,127,pm,i,need,to,make,thi,glutenfreeani,tip,on,flour,replac,in,the,sauc,repli,spend,with,penni,ch,say,june,10,2021,at,135,am,you,could,tri,use,cornstarch,ami,let,us,know,if,you,tri,it,repli,jenni,say,june,8,2021,at,740,pm,doubl,the,recip,becaus,i,wa,afraid,it,wouldnt,be,enough,and,it,wa,so,delici,next,time,ill,save,myself,some,time,and,use,shred,sharp,cheddar,,repli,colin,say,june,3,2021,at,531,am,can,thi,casserol,be,frozen,repli,spend,with,penni,ch,say,june,6,2021,at,1146,am,we,havent,tri,freez,thi,casserol,colin,let,us,know,how,it,goe,if,you,tri,freez,it,repli,desicart,say,june,1,2021,at,409,am,nice,blog,to,follow,while,prepar,recipesthank,you,so,much,for,share,with,us,repli,spend,with,penni,ch,say,june,1,2021,at,941,am,your,welcom,desicart,repli
0,15.873015873015873,https://www.spendwithpennies.com/buffalo-chicken-mac-and-cheese/,i,am,a,wine,and,chees,lover,recip,creator,shop,enthusiast,and,selfappoint,foodi,my,greatest,passion,is,creat,in,the,kitchen,and,make,delici,comfort,recip
0,0.0,https://www.spendwithpennies.com/buffalo-chicken-mac-and-cheese/,more,about,me
0,8.403361344537815,https://www.spendwithpennies.com/buffalo-chicken-mac-and-cheese/,the,best,mash,potato,easi,homemad,lasagna,scallop,potato,recip,fluffi,homemad,waffl,recip,oven,bake,chicken,breast,the,best,chili,recip,easi,chicken,parmesan,bake,ham,with,brown,sugar,glaze,more,reader,favorit
0,85.71428571428571,https://www.spendwithpennies.com/buffalo-chicken-mac-and-cheese/,home,cook,meal,for,everi,occas,from,quick,and,easi,weeknight,meal,to,turkey,dinner
0,0.0,https://www.spendwithpennies.com/buffalo-chicken-mac-and-cheese/,search,here
0,0.0,https://www.spendwithpennies.com/buffalo-chicken-mac-and-cheese/
0,0.0,https://www.spendwithpennies.com/buffalo-chicken-mac-and-cheese/
0,65.93406593406593,https://www.spendwithpennies.com/buffalo-chicken-mac-and-cheese/,moist,banana,bread,easi,stuf,pepper,perfect,pot,roast,juici,bake,pork,chop,classic,chicken,noodl,soup,bake,chicken,thigh,beef,stew,recip,easi,meatbal,recip
0,140.35087719298247,https://www.spendwithpennies.com/homemade-chocolate-frosting/,by,holly5,from,2,votesjuli,3,2021,,updat,juli,20,2021,,2,comment
0,0.0,https://www.spendwithpennies.com/homemade-chocolate-frosting/
0,0.0,https://www.spendwithpennies.com/homemade-chocolate-frosting/,pin,recip,jump,to,recip
0,0.0,https://www.spendwithpennies.com/homemade-chocolate-frosting/,thi,post,may,contain,affili,link,pleas,read,my,disclosur,polici
0,328.9473684210526,https://www.spendwithpennies.com/homemade-chocolate-frosting/,chocol,the,chocol,flavor,come,from,both,cocoa,powder,and,melt,chocol
0,25.06265664160401,https://www.spendwithpennies.com/homemade-chocolate-frosting/,sugar,thi,recip,use,granul,sugar,and,sinc,it,cook,in,the,base,it,dissolv,complet,for,a,smooth,fluffi,frost
0,557.2755417956656,https://www.spendwithpennies.com/homemade-chocolate-frosting/,milk,,flour,these,two,ingredi,are,cook,with,cocoa,powder,and,sugar,to,make,the,base
0,131.57894736842107,https://www.spendwithpennies.com/homemade-chocolate-frosting/,butter,butter,make,the,frost,fluffi,rich,and,spreadabl,use,unsalt,butter,for,the,best,result
0,80.97165991902835,https://www.spendwithpennies.com/homemade-chocolate-frosting/,variat,swap,the,vanilla,for,a,littl,bit,of,almond,or,brandi,extract
0,0.0,https://www.spendwithpennies.com/homemade-chocolate-frosting/
0,350.87719298245617,https://www.spendwithpennies.com/homemade-chocolate-frosting/,whisk,sugar,cocoa,flour,and,milk,in,a,saucepan,per,the,recip,below,bring,to,a,boil,to,thicken,and,cool,complet,cream,butter,until,fluffi,beat,in,the,cool,cocoa,mixtur,and,melt,chocol,whip,until,frost,is,light,,fluffi
0,140.97744360902254,https://www.spendwithpennies.com/homemade-chocolate-frosting/,whisk,the,dri,ingredi,into,cold,milk,for,best,result,use,unsalt,butter,and,add,your,own,salt,ensur,the,cocoa,mixtur,is,complet,cool,so,it,doesnt,melt,the,butter,a,stand,mixer,work,best,for,thi,recip,as,it,need,to,whip,for,a,long,time,ensur,the,cake,is,complet,cool,befor,frost
0,0.0,https://www.spendwithpennies.com/homemade-chocolate-frosting/
0,7.7399380804953575,https://www.spendwithpennies.com/homemade-chocolate-frosting/,creami,chocol,frost,can,be,made,ahead,and,store,in,the,refriger,in,a,cover,contain,to,use,remov,from,the,refriger,and,let,come,to,room,temperatur,if,need,beat,until,the,frost,is,smooth,and,creami,again,chocol,buttercream,frost,freez,easili,in,a,zipper,bag,for,up,to,3,month,simpli,allow,it,to,come,to,room,temperatur,and,beat,in,a,bowl,until,fluffi
0,116.95906432748538,https://www.spendwithpennies.com/homemade-chocolate-frosting/,yellow,cake,,a,classic,fave,best,ever,chocol,cake,,a,5,star,recip,chocol,banana,cake,,moist,,decad,chocol,poke,cake,,made,from,scratch,texa,sheet,cake,,perfect,for,a,crowd,ice,cream,cone,cupcak,,a,kid,favorit
0,15.479876160990715,https://www.spendwithpennies.com/homemade-chocolate-frosting/,did,you,love,thi,creami,chocol,frost,be,sure,to,leav,a,rate,and,a,comment,below
0,0.0,https://www.spendwithpennies.com/homemade-chocolate-frosting/
0,1298.5735366453516,https://www.spendwithpennies.com/homemade-chocolate-frosting/,5,from,2,vote,review,recip,homemad,chocol,frost,prep,time,10,minutescook,time,7,minuteschil,time,1,hourtot,time,1,hour,17,minut,serv,16,serv,author,holli,nilsson,thi,homemad,chocol,frost,is,so,easi,to,make,with,simpl,ingredi,use,on,cake,cupcak,or,even,french,toast,printpin,ingredients,1,,cup,sugar,6,tablespoon,all,purpos,flour,,cup,unsweeten,cocoa,powder,1,,cup,whole,milk,1,,cup,butter,unsalt,,8,ounc,bittersweet,chocol,fine,chopped,2,teaspoon,vanilla,extract,1,teaspoon,salt,instructionsin,a,small,saucepan,off,of,the,stove,whisk,sugar,flour,and,cocoa,powder,whisk,in,milkplac,the,sauc,pan,on,the,stove,over,medium,heat,and,whisk,until,the,mixtur,begin,to,bubbl,and,thicken,about,5,minut,let,boil,30,secondsremov,from,the,heat,and,pour,the,mixtur,into,a,bowl,to,cool,place,plastic,wrap,over,the,mixtur,allow,the,wrap,to,rest,on,the,surfac,of,the,chocol,refriger,1,hourplac,the,chocol,in,a,small,bowl,and,place,in,the,microwav,at,50,power,heat,stir,occasion,just,until,melt,set,asid,to,coolcream,butter,with,a,hand,mixer,until,fluffi,add,the,cool,cocoa,mixtur,a,littl,bit,at,a,time,until,incorpor,add,in,the,melt,chocol,vanilla,and,saltmix,on,medium,speed,until,light,and,fluffi,about,6,to,8,minut,recip,notesbittersweet,chocol,can,be,substitut,for,semisweet,if,need,thi,make,enough,frost,to,frost,two,8,or,9,round,cake,or,24,cupcak,if,use,for,a,9x13,cake,you,will,have,excess,frost,it,can,be,refriger,for,up,to,1,week,refriger,frost,will,need,to,be,remix,befor,use,frost,can,be,left,at,room,temperatur,for,up,to,3,day,if,refriger,the,frost,should,be,remov,from,the,fridg,and,left,at,room,temperatur,for,a,coupl,of,hour,befor,serv,nutrit,informationcalori,336,carbohydr,30g,protein,2g,fat,24g,satur,fat,15g,polyunsatur,fat,1g,monounsatur,fat,6g,tran,fat,1g,cholesterol,49mg,sodium,309mg,potassium,140mg,fiber,2g,sugar,25g,vitamin,a,576iu,calcium,42mg,iron,1mg,nutrit,inform,provid,is,an,estim,and,will,vari,base,on,cook,method,and,brand,of,ingredi,use,keyword,best,chocol,frost,chocol,frost,chocol,frost,recip,how,to,make,chocol,frost,cours,cake,dessert,cuisin,american,,spendwithpenniescom,content,and,photograph,are,copyright,protect,share,of,thi,recip,is,both,encourag,and,appreci,copi,andor,past,full,recip,to,ani,social,media,is,strictli,prohibit,pleas,view,my,photo,use,polici,here
0,0.0,https://www.spendwithpennies.com/homemade-chocolate-frosting/
0,0.0,https://www.spendwithpennies.com/homemade-chocolate-frosting/
0,0.0,https://www.spendwithpennies.com/homemade-chocolate-frosting/
0,0.0,https://www.spendwithpennies.com/homemade-chocolate-frosting/
0,100.25062656641605,https://www.spendwithpennies.com/homemade-chocolate-frosting/,prep,time,10,minutescook,time,7,minuteschil,time,1,hourtot,time,1,hour,17,minut,serv,16,serv,author,holli,nilsson
0,13.157894736842106,https://www.spendwithpennies.com/homemade-chocolate-frosting/,thi,homemad,chocol,frost,is,so,easi,to,make,with,simpl,ingredi,use,on,cake,cupcak,or,even,french,toast
0,0.0,https://www.spendwithpennies.com/homemade-chocolate-frosting/,printpin
1,8238.866396761134,https://www.spendwithpennies.com/homemade-chocolate-frosting/,ingredients,1,,cup,sugar,6,tablespoon,all,purpos,flour,,cup,unsweeten,cocoa,powder,1,,cup,whole,milk,1,,cup,butter,unsalt,,8,ounc,bittersweet,chocol,fine,chopped,2,teaspoon,vanilla,extract,1,teaspoon,salt
0,0.0,https://www.spendwithpennies.com/homemade-chocolate-frosting/
0,319.95456266565697,https://www.spendwithpennies.com/homemade-chocolate-frosting/,instructionsin,a,small,saucepan,off,of,the,stove,whisk,sugar,flour,and,cocoa,powder,whisk,in,milkplac,the,sauc,pan,on,the,stove,over,medium,heat,and,whisk,until,the,mixtur,begin,to,bubbl,and,thicken,about,5,minut,let,boil,30,secondsremov,from,the,heat,and,pour,the,mixtur,into,a,bowl,to,cool,place,plastic,wrap,over,the,mixtur,allow,the,wrap,to,rest,on,the,surfac,of,the,chocol,refriger,1,hourplac,the,chocol,in,a,small,bowl,and,place,in,the,microwav,at,50,power,heat,stir,occasion,just,until,melt,set,asid,to,coolcream,butter,with,a,hand,mixer,until,fluffi,add,the,cool,cocoa,mixtur,a,littl,bit,at,a,time,until,incorpor,add,in,the,melt,chocol,vanilla,and,saltmix,on,medium,speed,until,light,and,fluffi,about,6,to,8,minut
0,53.82775119617225,https://www.spendwithpennies.com/homemade-chocolate-frosting/,recip,notesbittersweet,chocol,can,be,substitut,for,semisweet,if,need,thi,make,enough,frost,to,frost,two,8,or,9,round,cake,or,24,cupcak,if,use,for,a,9x13,cake,you,will,have,excess,frost,it,can,be,refriger,for,up,to,1,week,refriger,frost,will,need,to,be,remix,befor,use,frost,can,be,left,at,room,temperatur,for,up,to,3,day,if,refriger,the,frost,should,be,remov,from,the,fridg,and,left,at,room,temperatur,for,a,coupl,of,hour,befor,serv
0,0.0,https://www.spendwithpennies.com/homemade-chocolate-frosting/,nutrit,inform
0,7.112375533428166,https://www.spendwithpennies.com/homemade-chocolate-frosting/,calori,336,carbohydr,30g,protein,2g,fat,24g,satur,fat,15g,polyunsatur,fat,1g,monounsatur,fat,6g,tran,fat,1g,cholesterol,49mg,sodium,309mg,potassium,140mg,fiber,2g,sugar,25g,vitamin,a,576iu,calcium,42mg,iron,1mg
0,0.0,https://www.spendwithpennies.com/homemade-chocolate-frosting/,nutrit,inform,provid,is,an,estim,and,will,vari,base,on,cook,method,and,brand,of,ingredi,use
0,55.40166204986151,https://www.spendwithpennies.com/homemade-chocolate-frosting/,keyword,best,chocol,frost,chocol,frost,chocol,frost,recip,how,to,make,chocol,frost,cours,cake,dessert,cuisin,american
0,7.309941520467836,https://www.spendwithpennies.com/homemade-chocolate-frosting/,,spendwithpenniescom,content,and,photograph,are,copyright,protect,share,of,thi,recip,is,both,encourag,and,appreci,copi,andor,past,full,recip,to,ani,social,media,is,strictli,prohibit,pleas,view,my,photo,use,polici,here
0,96.2772785622593,https://www.spendwithpennies.com/homemade-chocolate-frosting/,dessertgerman,chocol,cake,total,55,min,dessertchocol,buttercream,frost,total,10,min,dessertchocol,chip,chocol,sheet,cake,total,40,min,dessertnutella,frost,total,5,min,dessertbest,ever,cream,chees,frost,total,5,min,dessertchocol,ganach,frost,total,1,hr,15,min
0,0.0,https://www.spendwithpennies.com/homemade-chocolate-frosting/,total,55,min
0,0.0,https://www.spendwithpennies.com/homemade-chocolate-frosting/,total,10,min
0,0.0,https://www.spendwithpennies.com/homemade-chocolate-frosting/,total,40,min
0,0.0,https://www.spendwithpennies.com/homemade-chocolate-frosting/,total,5,min
0,0.0,https://www.spendwithpennies.com/homemade-chocolate-frosting/,total,5,min
0,210.5263157894737,https://www.spendwithpennies.com/homemade-chocolate-frosting/,total,1,hr,15,min
0,0.0,https://www.spendwithpennies.com/homemade-chocolate-frosting/,pinterest,facebook,twitter,instagram
0,0.0,https://www.spendwithpennies.com/homemade-chocolate-frosting/,holli,is,a,wine,and,chees,lover,recip,creator,shop,enthusiast,and,self,appoint,foodi,her,greatest,passion,is,creat,in,the,kitchen,and,make,delici,comfort,recip,for,the,everyday,home,cook,more,post,by,holli
0,5.060728744939272,https://www.spendwithpennies.com/homemade-chocolate-frosting/,subscrib,to,receiv,weekli,recip,and,get,a,free,bonu,ebook,quick,,easi,weeknight,mealspleas,enabl,javascript,in,your,browser,to,complet,thi,formemail,gdpr,agreement,ye,send,me,the,latest,recip,via,email,phonego,you,can,unsubscrib,anytim,by,click,the,unsubscribe,link,at,the,bottom,of,email,you,receiv
0,143.54066985645932,https://www.spendwithpennies.com/homemade-chocolate-frosting/,air,fryerhoisin,air,fryer,chicken,thigh,total,1,hr,side,dishesbalsam,roast,brussel,sprout,total,35,min,bake,,breadsth,best,homemad,pizza,dough,recip,total,1,hr,19,min,casserolesclass,tater,tot,casserol,total,1,hr,bake,,breadsstrawberri,bread,total,1,hr,20,min,meatless,main,dishessesam,broccoli,stir,fri,total,35,min
0,350.87719298245617,https://www.spendwithpennies.com/homemade-chocolate-frosting/,total,1,hr
0,0.0,https://www.spendwithpennies.com/homemade-chocolate-frosting/,total,35,min
0,210.5263157894737,https://www.spendwithpennies.com/homemade-chocolate-frosting/,total,1,hr,19,min
0,350.87719298245617,https://www.spendwithpennies.com/homemade-chocolate-frosting/,total,1,hr
0,210.5263157894737,https://www.spendwithpennies.com/homemade-chocolate-frosting/,total,1,hr,20,min
0,0.0,https://www.spendwithpennies.com/homemade-chocolate-frosting/,total,35,min
0,36.29764065335753,https://www.spendwithpennies.com/homemade-chocolate-frosting/,your,email,address,will,not,be,publish,requir,field,are,mark,,recip,rate,recip,rate,comment,name,,email,,by,submit,thi,comment,you,agre,to,share,your,name,email,address,websit,and,ip,address,with,spend,with,penni,thi,inform,will,not,be,use,for,ani,purpos,other,than,enabl,you,to,post,a,comment
0,14.224751066856332,https://www.spendwithpennies.com/homemade-chocolate-frosting/,sharon,b,say,juli,5,2021,at,449,pm,i,just,made,thi,today,for,my,hubbi,bday,cake,,let,me,just,say,thi,is,fantast,so,light,and,fluffi,and,not,the,sicki,sweet,that,alot,are,thank,you,so,much,for,my,new,go,to,frost,repli,spend,with,penni,ew,say,juli,6,2021,at,426,pm,great,to,hear,you,enjoy,it,sharon,we,love,thi,frost,too,repli
0,0.0,https://www.spendwithpennies.com/homemade-chocolate-frosting/,i,am,a,wine,and,chees,lover,recip,creator,shop,enthusiast,and,selfappoint,foodi,my,greatest,passion,is,creat,in,the,kitchen,and,make,delici,comfort,recip
0,0.0,https://www.spendwithpennies.com/homemade-chocolate-frosting/,more,about,me
0,7.7399380804953575,https://www.spendwithpennies.com/homemade-chocolate-frosting/,the,best,mash,potato,easi,homemad,lasagna,scallop,potato,recip,fluffi,homemad,waffl,recip,oven,bake,chicken,breast,the,best,chili,recip,easi,chicken,parmesan,bake,ham,with,brown,sugar,glaze,more,reader,favorit
0,0.0,https://www.spendwithpennies.com/homemade-chocolate-frosting/,home,cook,meal,for,everi,occas,from,quick,and,easi,weeknight,meal,to,turkey,dinner
0,0.0,https://www.spendwithpennies.com/homemade-chocolate-frosting/,search,here
0,0.0,https://www.spendwithpennies.com/homemade-chocolate-frosting/
0,0.0,https://www.spendwithpennies.com/homemade-chocolate-frosting/
0,10.121457489878544,https://www.spendwithpennies.com/homemade-chocolate-frosting/,moist,banana,bread,easi,stuf,pepper,perfect,pot,roast,juici,bake,pork,chop,classic,chicken,noodl,soup,bake,chicken,thigh,beef,stew,recip,easi,meatbal,recip
0,34.48275862068965,https://www.spendwithpennies.com/strawberry-bread/,by,holly489,from,17,votesjuli,14,2021,,8,comment
0,0.0,https://www.spendwithpennies.com/strawberry-bread/
0,0.0,https://www.spendwithpennies.com/strawberry-bread/,pin,recip,jump,to,recip
0,0.0,https://www.spendwithpennies.com/strawberry-bread/,thi,post,may,contain,affili,link,pleas,read,my,disclosur,polici
0,283.97565922920893,https://www.spendwithpennies.com/strawberry-bread/,thi,bread,use,simpl,ingredi,you,like,have,on,hand,fresh,strawberri,can,be,swap,out,for,blueberri,or,even,raspberri,challeng,butter,is,farmerown,and,made,the,oldfashion,way,from,fresh,cream,from,happi,cow,it,add,delici,flavor,while,make,for,an,extra,moist,loaf,make,thi,easi,quick,bread,recip,to,serv,with,tea,or,coffe,thi,goe,well,with,honey,butter,or,strawberri,butter
0,0.0,https://www.spendwithpennies.com/strawberry-bread/
0,147.78325123152706,https://www.spendwithpennies.com/strawberry-bread/,butter,use,a,fresh,qualiti,butter,like,challeng,butter,ensur,thi,loaf,come,out,with,a,perfect,crumb,and,great,flavor,challeng,butter,is,churn,fresh,daili,with,no,addit,so,it,ha,great,flavor,it,contain,no,preserv,hormon,or,dye
0,96.98275862068965,https://www.spendwithpennies.com/strawberry-bread/,flour,allpurpos,flour,is,the,base,of,thi,bread,while,sugar,add,a,bit,of,sweet
0,51.724137931034484,https://www.spendwithpennies.com/strawberry-bread/,berri,strawberri,give,thi,bread,bright,spot,of,color,and,lot,of,tangi,flavor,frozen,strawberri,will,work,in,thi,recip,it,may,need,a,few,minut,extra,cook,time
0,187.40629685157424,https://www.spendwithpennies.com/strawberry-bread/,glaze,thi,bread,is,so,moist,the,glaze,is,option,for,a,zesti,chang,the,milk,can,be,substitut,with,fresh,lemon,juic
0,221.67487684729062,https://www.spendwithpennies.com/strawberry-bread/,cream,butter,and,then,mix,in,egg
0,43.103448275862064,https://www.spendwithpennies.com/strawberry-bread/,thi,strawberri,bread,is,super,easi,to,make
0,563.8397017707363,https://www.spendwithpennies.com/strawberry-bread/,cream,sugar,and,butter,per,the,recip,below,add,egg,,cream,fold,in,the,dri,ingredi,and,final,the,fresh,berri,spread,the,batter,into,the,prepar,bake,pan,,top,more,strawberri,bake,and,enjoy
0,0.0,https://www.spendwithpennies.com/strawberry-bread/,fold,in,dri,ingredi,just,until,combin
0,168.6656671664168,https://www.spendwithpennies.com/strawberry-bread/,if,use,whole,berri,like,blueberri,toss,them,in,flour,first,so,they,dont,sink,to,the,bottom,of,the,batter,ensur,the,butter,and,egg,are,soften,befor,mix,and,cream,until,light,and,fluffi,befor,ad,other,ingredi,avoid,overmix,the,batter,or,the,bread,will,be,tough,and,chewi,the,pan,can,be,greas,or,line,with,parchment,paper,use,a,metal,bake,pan,for,the,best,result,be,sure,not,to,overbak,the,bread,a,toothpick,insert,in,the,middl,should,come,out,clean,cool,complet,befor,slice
0,172.41379310344826,https://www.spendwithpennies.com/strawberry-bread/,dust,strawberri,with,flour,to,keep,them,from,sink,in,the,batter
0,197.8518937252685,https://www.spendwithpennies.com/strawberry-bread/,keep,bread,in,an,airtight,contain,at,room,temperatur,for,up,to,4,day,freez,the,whole,loaf,or,slice,by,wrap,them,in,plastic,wrap,and,seal,in,zipper,bag,with,the,date,label,on,the,outsid,strawberri,bread,will,keep,when,frozen,for,up,to,8,week,thaw,slice,at,room,temperatur,and,serv,with,butter,or,toast,them
0,0.0,https://www.spendwithpennies.com/strawberry-bread/
0,153.2567049808429,https://www.spendwithpennies.com/strawberry-bread/,lemon,blueberri,bread,,breakfast,or,dessert,cranberri,orang,bread,,sweet,,citrusi,warm,appl,bread,,tast,like,appl,pie,moist,banana,bread,,freezer,friendli,cranberri,walnut,bread,,crunchi,streusel,on,top
0,20.28397565922921,https://www.spendwithpennies.com/strawberry-bread/,did,your,famili,love,thi,strawberri,bread,be,sure,to,leav,a,rate,and,a,comment,below
0,0.0,https://www.spendwithpennies.com/strawberry-bread/
0,1857.4223526534604,https://www.spendwithpennies.com/strawberry-bread/,489,from,17,vote,review,recip,strawberri,bread,prep,time,20,minutescook,time,1,hourtot,time,1,hour,20,minut,serv,8,slice,author,holli,nilsson,moist,and,sweet,strawberri,bread,with,a,delici,glaze,make,for,a,great,breakfast,snack,or,even,dessert,printpin,ingredients,1,,cup,flour,,1,tablespoon,for,dust,strawberries,1,teaspoon,bake,powder,,cup,sugar,,cup,salt,challeng,butter,1,stick,softened,,teaspoon,salt,2,egg,room,temperature,,cup,light,cream,1,tablespoon,lemon,juice,1,,cup,fresh,strawberri,dice,dividedglaze,2,tablespoon,powder,sugar,1,teaspoon,milk,or,as,need,instructionspreheat,oven,to,350f,greas,an,8x4,panin,a,bowl,combin,flour,bake,powder,and,salt,set,asidecream,sugar,and,butter,mix,in,egg,cream,and,lemon,juiceadd,dri,mixtur,to,butter,mixtur,and,stir,just,until,combin,do,not,over,mixset,asid,2,tablespoon,of,strawberri,for,top,the,breadtoss,remain,berri,with,1,tablespoon,flour,remov,ani,excess,flour,and,veri,gentli,fold,them,into,the,batter,spread,the,batter,into,the,pan,and,top,with,reserv,strawberriesbak,4555,minut,or,until,a,toothpick,come,out,clean,remov,from,pan,and,cool,on,a,rackonc,cool,combin,glaze,ingredi,in,a,bowl,until,smoothdrizzl,over,the,bread,and,let,set,recip,note,if,use,whole,berri,like,blueberri,toss,them,in,flour,first,so,they,dont,sink,to,the,bottom,of,the,batter,ensur,the,butter,and,egg,are,soften,befor,mix,and,cream,until,light,and,fluffi,befor,ad,other,ingredi,avoid,overmix,the,batter,or,the,bread,will,be,tough,and,chewi,the,pan,can,be,greas,or,line,with,parchment,paper,use,a,metal,bake,pan,for,the,best,result,be,sure,not,to,over,bake,the,bread,a,toothpick,insert,in,the,middl,should,come,out,clean,cool,complet,befor,slice,nutrit,informationcalori,315,carbohydr,41g,protein,4g,fat,15g,satur,fat,9g,polyunsatur,fat,1g,monounsatur,fat,4g,tran,fat,1g,cholesterol,80mg,sodium,268mg,potassium,144mg,fiber,1g,sugar,22g,vitamin,a,500iu,vitamin,c,14mg,calcium,49mg,iron,1mg,nutrit,inform,provid,is,an,estim,and,will,vari,base,on,cook,method,and,brand,of,ingredi,use,keyword,how,to,make,strawberri,bread,strawberri,bread,strawberri,bread,recip,cours,bread,breakfast,dessert,snack,cuisin,american,,spendwithpenniescom,content,and,photograph,are,copyright,protect,share,of,thi,recip,is,both,encourag,and,appreci,copi,andor,past,full,recip,to,ani,social,media,is,strictli,prohibit,pleas,view,my,photo,use,polici,here
0,0.0,https://www.spendwithpennies.com/strawberry-bread/
0,0.0,https://www.spendwithpennies.com/strawberry-bread/
0,0.0,https://www.spendwithpennies.com/strawberry-bread/
0,0.0,https://www.spendwithpennies.com/strawberry-bread/
0,0.0,https://www.spendwithpennies.com/strawberry-bread/
0,134.09961685823754,https://www.spendwithpennies.com/strawberry-bread/,prep,time,20,minutescook,time,1,hourtot,time,1,hour,20,minut,serv,8,slice,author,holli,nilsson
0,114.94252873563218,https://www.spendwithpennies.com/strawberry-bread/,moist,and,sweet,strawberri,bread,with,a,delici,glaze,make,for,a,great,breakfast,snack,or,even,dessert
0,0.0,https://www.spendwithpennies.com/strawberry-bread/,printpin
1,7419.73840665874,https://www.spendwithpennies.com/strawberry-bread/,ingredients,1,,cup,flour,,1,tablespoon,for,dust,strawberries,1,teaspoon,bake,powder,,cup,sugar,,cup,salt,challeng,butter,1,stick,softened,,teaspoon,salt,2,egg,room,temperature,,cup,light,cream,1,tablespoon,lemon,juice,1,,cup,fresh,strawberri,dice,dividedglaze,2,tablespoon,powder,sugar,1,teaspoon,milk,or,as,need
0,0.0,https://www.spendwithpennies.com/strawberry-bread/
0,818.9655172413793,https://www.spendwithpennies.com/strawberry-bread/,instructionspreheat,oven,to,350f,greas,an,8x4,panin,a,bowl,combin,flour,bake,powder,and,salt,set,asidecream,sugar,and,butter,mix,in,egg,cream,and,lemon,juiceadd,dri,mixtur,to,butter,mixtur,and,stir,just,until,combin,do,not,over,mixset,asid,2,tablespoon,of,strawberri,for,top,the,breadtoss,remain,berri,with,1,tablespoon,flour,remov,ani,excess,flour,and,veri,gentli,fold,them,into,the,batter,spread,the,batter,into,the,pan,and,top,with,reserv,strawberriesbak,4555,minut,or,until,a,toothpick,come,out,clean,remov,from,pan,and,cool,on,a,rackonc,cool,combin,glaze,ingredi,in,a,bowl,until,smoothdrizzl,over,the,bread,and,let,set
0,179.67332123411978,https://www.spendwithpennies.com/strawberry-bread/,recip,note,if,use,whole,berri,like,blueberri,toss,them,in,flour,first,so,they,dont,sink,to,the,bottom,of,the,batter,ensur,the,butter,and,egg,are,soften,befor,mix,and,cream,until,light,and,fluffi,befor,ad,other,ingredi,avoid,overmix,the,batter,or,the,bread,will,be,tough,and,chewi,the,pan,can,be,greas,or,line,with,parchment,paper,use,a,metal,bake,pan,for,the,best,result,be,sure,not,to,over,bake,the,bread,a,toothpick,insert,in,the,middl,should,come,out,clean,cool,complet,befor,slice
0,0.0,https://www.spendwithpennies.com/strawberry-bread/,nutrit,inform
0,8.620689655172413,https://www.spendwithpennies.com/strawberry-bread/,calori,315,carbohydr,41g,protein,4g,fat,15g,satur,fat,9g,polyunsatur,fat,1g,monounsatur,fat,4g,tran,fat,1g,cholesterol,80mg,sodium,268mg,potassium,144mg,fiber,1g,sugar,22g,vitamin,a,500iu,vitamin,c,14mg,calcium,49mg,iron,1mg
0,0.0,https://www.spendwithpennies.com/strawberry-bread/,nutrit,inform,provid,is,an,estim,and,will,vari,base,on,cook,method,and,brand,of,ingredi,use
0,57.47126436781609,https://www.spendwithpennies.com/strawberry-bread/,keyword,how,to,make,strawberri,bread,strawberri,bread,strawberri,bread,recip,cours,bread,breakfast,dessert,snack,cuisin,american
0,9.578544061302681,https://www.spendwithpennies.com/strawberry-bread/,,spendwithpenniescom,content,and,photograph,are,copyright,protect,share,of,thi,recip,is,both,encourag,and,appreci,copi,andor,past,full,recip,to,ani,social,media,is,strictli,prohibit,pleas,view,my,photo,use,polici,here
0,369.45812807881777,https://www.spendwithpennies.com/strawberry-bread/,breakfasteasi,banana,bread,recip,total,1,hr,10,min,dessertwarm,appl,bread,appl,pie,bread,total,1,hr,5,min,bake,,breadscranberri,walnut,bread,total,1,hr,bake,,breadschees,bread,quick,bread,total,1,hr,15,min,recipeshomemad,french,bread,total,2,hr,37,min,side,disheseasi,beer,bread,total,1,hr,5,min
0,241.3793103448276,https://www.spendwithpennies.com/strawberry-bread/,total,1,hr,10,min
0,241.3793103448276,https://www.spendwithpennies.com/strawberry-bread/,total,1,hr,5,min
0,402.2988505747127,https://www.spendwithpennies.com/strawberry-bread/,total,1,hr
0,241.3793103448276,https://www.spendwithpennies.com/strawberry-bread/,total,1,hr,15,min
0,68.9655172413793,https://www.spendwithpennies.com/strawberry-bread/,total,2,hr,37,min
0,241.3793103448276,https://www.spendwithpennies.com/strawberry-bread/,total,1,hr,5,min
0,0.0,https://www.spendwithpennies.com/strawberry-bread/,pinterest,facebook,twitter,instagram
0,4.659832246039143,https://www.spendwithpennies.com/strawberry-bread/,holli,is,a,wine,and,chees,lover,recip,creator,shop,enthusiast,and,self,appoint,foodi,her,greatest,passion,is,creat,in,the,kitchen,and,make,delici,comfort,recip,for,the,everyday,home,cook,more,post,by,holli
0,6.63129973474801,https://www.spendwithpennies.com/strawberry-bread/,subscrib,to,receiv,weekli,recip,and,get,a,free,bonu,ebook,quick,,easi,weeknight,mealspleas,enabl,javascript,in,your,browser,to,complet,thi,formemail,gdpr,agreement,ye,send,me,the,latest,recip,via,email,commentgo,you,can,unsubscrib,anytim,by,click,the,unsubscribe,link,at,the,bottom,of,email,you,receiv
0,223.49936143039594,https://www.spendwithpennies.com/strawberry-bread/,air,fryerhoisin,air,fryer,chicken,thigh,total,1,hr,side,dishesbalsam,roast,brussel,sprout,total,35,min,bake,,breadsth,best,homemad,pizza,dough,recip,total,1,hr,19,min,casserolesclass,tater,tot,casserol,total,1,hr,meatless,main,dishessesam,broccoli,stir,fri,total,35,min,bake,,breadsquick,chees,muffin,total,43,min
0,402.2988505747127,https://www.spendwithpennies.com/strawberry-bread/,total,1,hr
0,0.0,https://www.spendwithpennies.com/strawberry-bread/,total,35,min
0,241.3793103448276,https://www.spendwithpennies.com/strawberry-bread/,total,1,hr,19,min
0,402.2988505747127,https://www.spendwithpennies.com/strawberry-bread/,total,1,hr
0,0.0,https://www.spendwithpennies.com/strawberry-bread/,total,35,min
0,0.0,https://www.spendwithpennies.com/strawberry-bread/,total,43,min
0,35.6718192627824,https://www.spendwithpennies.com/strawberry-bread/,your,email,address,will,not,be,publish,requir,field,are,mark,,recip,rate,recip,rate,comment,name,,email,,by,submit,thi,comment,you,agre,to,share,your,name,email,address,websit,and,ip,address,with,spend,with,penni,thi,inform,will,not,be,use,for,ani,purpos,other,than,enabl,you,to,post,a,comment
0,79.4557540506855,https://www.spendwithpennies.com/strawberry-bread/,jon,say,juli,20,2021,at,210,pm,well,mayb,earlier,review,wasnt,have,troubl,bake,fulli,due,to,pan,i,am,now,on,75,minut,and,center,seem,to,be,doughi,and,giggli,toothpick,is,not,come,out,clean,i,can,see,thi,is,go,to,fail,wast,time,and,ingredi,repli,spend,with,penni,sn,say,juli,21,2021,at,916,am,sorri,to,hear,that,jon,did,you,use,an,84,metal,pan,we,find,that,produc,the,best,result,anoth,reader,use,a,glass,bake,dish,and,found,it,need,close,to,90,minut,to,fulli,cook,repli,mo,say,juli,18,2021,at,110,pm,thi,wa,almost,my,first,spendwithpennies,disast,which,would,have,been,my,fault,i,bake,the,bread,in,a,smaller,pyrex,loaf,pan,but,it,wa,not,cook,in,the,middl,after,the,allot,time,my,bad,i,cook,and,retest,over,and,over,and,wa,about,to,declar,uncl,when,after,90,minut,the,toothpick,in,the,center,test,clean,the,bread,wa,delici,even,after,bake,for,what,seem,like,forever,i,realli,cannot,wait,to,tri,it,again,,follow,the,instruct,,or,mayb,use,a,muffin,tin,thank,you,for,anoth,delici,recip,holli,repli,spend,with,penni,sn,say,juli,19,2021,at,1208,pm,so,glad,you,were,abl,to,rescu,it,mo,repli,mindi,white,say,juli,15,2021,at,545,pm,i,use,blueberri,and,strawberri,and,bake,them,in,mini,loaf,pan,gave,out,as,gift,wrap,in,wax,paper,with,dri,flower,as,a,finish,touch,repli,spend,with,penni,sn,say,juli,16,2021,at,804,am,that,sound,delici,mindi,and,a,beauti,gift,idea,those,are,some,lucki,friend,,repli,elizabeth,say,juli,15,2021,at,216,pm,follow,recip,as,written,except,ad,more,strawberrieslterrif,definit,a,keeper,repli,carol,obrien,say,juli,14,2021,at,1118,pm,could,not,find,breakfast,bake,in,crockett,repli
0,0.0,https://www.spendwithpennies.com/strawberry-bread/,i,am,a,wine,and,chees,lover,recip,creator,shop,enthusiast,and,selfappoint,foodi,my,greatest,passion,is,creat,in,the,kitchen,and,make,delici,comfort,recip
0,0.0,https://www.spendwithpennies.com/strawberry-bread/,more,about,me
0,45.63894523326572,https://www.spendwithpennies.com/strawberry-bread/,the,best,mash,potato,easi,homemad,lasagna,scallop,potato,recip,fluffi,homemad,waffl,recip,oven,bake,chicken,breast,the,best,chili,recip,easi,chicken,parmesan,bake,ham,with,brown,sugar,glaze,more,reader,favorit
0,11.494252873563218,https://www.spendwithpennies.com/strawberry-bread/,home,cook,meal,for,everi,occas,from,quick,and,easi,weeknight,meal,to,turkey,dinner
0,0.0,https://www.spendwithpennies.com/strawberry-bread/,search,here
0,0.0,https://www.spendwithpennies.com/strawberry-bread/
0,0.0,https://www.spendwithpennies.com/strawberry-bread/
0,13.26259946949602,https://www.spendwithpennies.com/strawberry-bread/,moist,banana,bread,easi,stuf,pepper,perfect,pot,roast,juici,bake,pork,chop,classic,chicken,noodl,soup,bake,chicken,thigh,beef,stew,recip,easi,meatbal,recip
1,0.0,https://www.spendwithpennies.com/andes-mint-cookies/crispy-chicken-thighs-with-caramelized-lemon-rinds-9368829,it,seem,we,cant,find,what,your,look,for,perhap,search,can,help,search,for,submit
0,0.0,https://www.spendwithpennies.com/andes-mint-cookies/crispy-chicken-thighs-with-caramelized-lemon-rinds-9368829,i,am,a,wine,and,chees,lover,recip,creator,shop,enthusiast,and,selfappoint,foodi,my,greatest,passion,is,creat,in,the,kitchen,and,make,delici,comfort,recip
0,0.0,https://www.spendwithpennies.com/andes-mint-cookies/crispy-chicken-thighs-with-caramelized-lemon-rinds-9368829,more,about,me
0,0.0,https://www.spendwithpennies.com/andes-mint-cookies/crispy-chicken-thighs-with-caramelized-lemon-rinds-9368829,the,best,mash,potato,easi,homemad,lasagna,scallop,potato,recip,fluffi,homemad,waffl,recip,oven,bake,chicken,breast,the,best,chili,recip,easi,chicken,parmesan,bake,ham,with,brown,sugar,glaze,more,reader,favorit
0,0.0,https://www.spendwithpennies.com/andes-mint-cookies/crispy-chicken-thighs-with-caramelized-lemon-rinds-9368829,home,cook,meal,for,everi,occas,from,quick,and,easi,weeknight,meal,to,turkey,dinner
0,0.0,https://www.spendwithpennies.com/andes-mint-cookies/crispy-chicken-thighs-with-caramelized-lemon-rinds-9368829,search,here
0,0,https://www.spendwithpennies.com/andes-mint-cookies/crispy-chicken-thighs-with-caramelized-lemon-rinds-9368829
0,0.0,https://www.spendwithpennies.com/andes-mint-cookies/crispy-chicken-thighs-with-caramelized-lemon-rinds-9368829,moist,banana,bread,easi,stuf,pepper,perfect,pot,roast,juici,bake,pork,chop,classic,chicken,noodl,soup,bake,chicken,thigh,beef,stew,recip,easi,meatbal,recip
0,1714.2857142857142,https://www.jamieoliver.com/recipes/pasta-recipes/tortiglioni/,freshli,pod,pea,guancial,mint,,pecorino
0,1714.2857142857142,https://www.jamieoliver.com/recipes/pasta-recipes/tortiglioni/,freshli,pod,pea,guancial,mint,,pecorino
0,0.0,https://www.jamieoliver.com/recipes/pasta-recipes/tortiglioni/
0,740.7407407407408,https://www.jamieoliver.com/recipes/pasta-recipes/tortiglioni/,thi,is,a,celebr,of,delici,sweet,pea,and,is,proper,comfort,food,it,supersimpl,and,quick,to,put,togeth,and,the,beauti,sweet,of,the,pea,is,contrast,brilliantli,by,the,salti,depth,of,flavour,from,the,guancial,pecorino,is,the,roman,chees,of,choic,made,with,sheep,milk,and,worth,hunt,out,,serv,2,cook,in25,minut,difficultynot,too,tricki
0,200.0,https://www.jamieoliver.com/recipes/pasta-recipes/tortiglioni/,jami,cook,italyitalianporkpasta,,risotto
0,156.25,https://www.jamieoliver.com/recipes/pasta-recipes/tortiglioni/,nutrit,per,serv,calori,622,31,fat,231g,33,satur,91g,46,sugar,73g,8,salt,22g,37,protein,32g,64,carb,766g,29,fibr,119g,,of,an,adult,refer,intak
0,12.820512820512821,https://www.jamieoliver.com/recipes/pasta-recipes/tortiglioni/,recip,from,jami,cook,itali,by,jami,oliv,buy,now,watch,the,show
1,9341.666666666666,https://www.jamieoliver.com/recipes/pasta-recipes/tortiglioni/,350,g,fresh,pea,,in,their,pod,80,g,piec,of,higherwelfar,guancial,cure,pig,cheek,,or,smoke,pancetta,150,g,dri,tortiglioni,,or,rigatoni,2,shallot,,a,lemon,,a,bunch,of,fresh,mint,,15g,30,g,pecorino,chees,,plu,extra,to,serv,extra,virgin,oliv,oil,pea,shoot,,to,serv,option
0,41.66666666666667,https://www.jamieoliver.com/recipes/pasta-recipes/tortiglioni/,pleas,enabl,function,cooki,to,use,thi,featur
0,1062.8930817610062,https://www.jamieoliver.com/recipes/pasta-recipes/tortiglioni/,pod,the,pea,and,place,just,the,pod,in,a,pan,of,boil,salt,water,for,5,minut,to,impart,their,flavour,fine,dice,the,guancial,place,in,a,larg,cold,nonstick,fri,pan,and,put,on,a,medium,heat,to,render,the,fat,toss,regularli,meanwhil,scoop,out,and,discard,the,pea,pod,then,cook,the,pasta,in,the,boil,salt,water,accord,to,the,packet,instruct,peel,and,rustic,chop,the,shallot,then,add,to,the,guancial,pan,for,5,minut,or,until,lightli,golden,add,the,pea,and,a,good,splash,of,water,then,fine,grate,in,the,lemon,zest,cover,and,cook,gentli,for,5,minut,toss,occasion,while,you,rip,the,top,leafi,half,off,the,mint,and,fine,chop,it,and,fine,grate,the,pecorino,drain,the,pasta,reserv,a,mug,of,starchi,cook,water,pour,the,pasta,into,the,fri,pan,then,remov,from,the,heat,and,toss,well,so,the,pasta,absorb,maximum,flavour,stir,in,the,mint,and,pecorino,jiggl,the,pan,to,creat,creami,loosen,with,a,littl,cook,water,if,need,season,to,perfect,then,serv,with,an,extra,grate,of,pecorino,a,kiss,of,extra,virgin,oliv,oil,a,squeez,of,lemon,and,a,few,pea,shoot,if,you,like
0,41.66666666666667,https://www.jamieoliver.com/recipes/pasta-recipes/tortiglioni/,pleas,enabl,target,cooki,to,show,thi,banner
0,0.0,https://www.jamieoliver.com/recipes/pasta-recipes/tortiglioni/
0,0.0,https://www.southernliving.com/recipes/fried-catfish,explor,southern,live,southern,live,food,holiday,,entertain,home,,garden,style,,cultur,new,video,search,close,profil,menu,your,account,your,account,account,join,now,email,prefer,newslett,manag,your,subscript,thi,link,open,in,a,new,tab,logout,more,give,a,gift,subscript,thi,link,open,in,a,new,tab,southern,live,book,thi,link,open,in,a,new,tab,login,subscrib,pin,fb
0,0.0,https://www.southernliving.com/recipes/fried-catfish,your,account,your,account,account,join,now,email,prefer,newslett,manag,your,subscript,thi,link,open,in,a,new,tab,logout,more,give,a,gift,subscript,thi,link,open,in,a,new,tab,southern,live,book,thi,link,open,in,a,new,tab,login
0,0.0,https://www.southernliving.com/recipes/fried-catfish,join,now,email,prefer,newslett,manag,your,subscript,thi,link,open,in,a,new,tab,logout
0,0.0,https://www.southernliving.com/recipes/fried-catfish
0,0.0,https://www.southernliving.com/recipes/fried-catfish,give,a,gift,subscript,thi,link,open,in,a,new,tab,southern,live,book,thi,link,open,in,a,new,tab
0,0.0,https://www.southernliving.com/recipes/fried-catfish,southern,live,southern,live,search,explor,explor,the,most,popular,hairstyl,of,2021,the,most,popular,hairstyl,of,2021,the,trendi,haircut,youll,be,see,everywher,thi,year,read,more,how,to,season,a,castiron,skillet,how,to,season,a,castiron,skillet,learn,how,to,season,thi,southern,kitchen,stapl,in,five,easi,step,read,more,fourth,of,juli,recip,for,weekend,cookout,fourth,of,juli,recip,for,weekend,cookout,it,so,easi,trust,us,read,more,food,food,see,all,food,how,long,do,devil,egg,last,in,the,fridg,how,long,do,devil,egg,last,in,the,fridg,best,practic,for,deal,with,devil,egg,all,food,all,recip,holiday,,occas,quick,fix,supper,slow,cooker,recip,dessert,casserol,healthi,recip,holiday,,entertain,holiday,,entertain,see,all,holiday,,entertain,33,thing,to,write,in,a,wed,card,if,yoursquor,not,sure,whatrsquo,appropri,33,thing,to,write,in,a,wed,card,if,your,not,sure,what,appropri,grab,your,stationeri,and,stampsmdashsomeon,get,hitch,christma,entertain,thanksgiv,southern,wed,easter,kentucki,derbi,valentin,day,4th,of,juli,mother,day,home,,garden,home,,garden,see,all,home,,garden,30,heattoler,contain,garden,for,swelter,summer,30,heattoler,contain,garden,for,swelter,summer,your,do,your,best,to,beat,the,heat,thi,summermdashshouldnt,your,contain,do,the,same,swelter,temp,can,take,a,toll,on,your,favorit,planter,so,we,have,a,few,idea,for,you,these,plantcombin,idea,will,help,you,construct,a,contain,garden,full,of,heatresist,plant,that,will,thrive,even,on,tripledigit,day,these,contain,love,full,sun,and,heat,and,implement,these,tip,will,help,your,garden,coast,smoothli,through,the,dog,daysmdashcalm,cool,and,collect,most,of,these,contain,garden,requir,minim,water,a,conveni,characterist,that,ensur,you,wont,have,to,slather,on,sunscreen,morn,noon,and,night,to,keep,thirsti,planter,quench,home,decor,idea,idea,hous,befor,,after,inspir,commun,curb,appeal,hous,plan,,builder,the,grumpi,garden,plant,name,az,style,,cultur,style,,cultur,see,all,style,,cultur,70,cute,and,funni,nicknam,for,your,best,friend,70,cute,and,funni,nicknam,for,your,best,friend,let,your,besti,know,how,much,they,mean,to,you,with,these,uniqu,nicknam,southern,cultur,hair,travel,beauti,pet,southern,fashion,healthi,live,new,video,profil,menu,subscrib,thi,link,open,in,a,new,tab,your,account,your,account,account,join,now,email,prefer,newslett,manag,your,subscript,thi,link,open,in,a,new,tab,logout,more,give,a,gift,subscript,thi,link,open,in,a,new,tab,southern,live,book,thi,link,open,in,a,new,tab,login,sweepstak,follow,us
0,0.0,https://www.southernliving.com/recipes/fried-catfish,the,most,popular,hairstyl,of,2021,the,most,popular,hairstyl,of,2021,the,trendi,haircut,youll,be,see,everywher,thi,year,read,more,how,to,season,a,castiron,skillet,how,to,season,a,castiron,skillet,learn,how,to,season,thi,southern,kitchen,stapl,in,five,easi,step,read,more,fourth,of,juli,recip,for,weekend,cookout,fourth,of,juli,recip,for,weekend,cookout,it,so,easi,trust,us,read,more
0,0.0,https://www.southernliving.com/recipes/fried-catfish,see,all,food
0,0.0,https://www.southernliving.com/recipes/fried-catfish,see,all,holiday,,entertain
0,0.0,https://www.southernliving.com/recipes/fried-catfish,see,all,home,,garden
0,0.0,https://www.southernliving.com/recipes/fried-catfish,see,all,style,,cultur
0,0.0,https://www.southernliving.com/recipes/fried-catfish,subscrib,thi,link,open,in,a,new,tab,your,account,your,account,account,join,now,email,prefer,newslett,manag,your,subscript,thi,link,open,in,a,new,tab,logout,more,give,a,gift,subscript,thi,link,open,in,a,new,tab,southern,live,book,thi,link,open,in,a,new,tab,login,sweepstak
0,0.0,https://www.southernliving.com/recipes/fried-catfish,join,now,email,prefer,newslett,manag,your,subscript,thi,link,open,in,a,new,tab,logout
0,0.0,https://www.southernliving.com/recipes/fried-catfish
0,0.0,https://www.southernliving.com/recipes/fried-catfish,give,a,gift,subscript,thi,link,open,in,a,new,tab,southern,live,book,thi,link,open,in,a,new,tab
0,0.0,https://www.southernliving.com/recipes/fried-catfish
0,0.0,https://www.southernliving.com/recipes/fried-catfish
0,0.0,https://www.southernliving.com/recipes/fried-catfish,read,the,full,recip,after,the,video
0,0.0,https://www.southernliving.com/recipes/fried-catfish
0,0.0,https://www.southernliving.com/recipes/fried-catfish,chill,8,min,cook,20,min,total,28,min,yield,make,6,to,8,serv
1,9545.454545454546,https://www.southernliving.com/recipes/fried-catfish,ingredi,checklist,1,12,cup,buttermilk,14,teaspoon,hot,sauc,13,cup,plain,yellow,cornmeal,13,cup,masa,harina,corn,flour,13,cup,allpurpos,flour,2,teaspoon,salt,1,teaspoon,ground,black,pepper,1,teaspoon,ground,red,pepper,14,teaspoon,garlic,powder,peanut,oil
0,279.2696025778733,https://www.southernliving.com/recipes/fried-catfish,instruct,checklist,step,1,whisk,togeth,buttermilk,and,hot,sauc,advertis,step,2,place,catfish,in,a,singl,layer,in,a,13,x,9inch,bake,dish,pour,buttermilk,mixtur,over,fish,cover,and,chill,8,hour,turn,onc,step,3,combin,cornmeal,and,next,6,ingredi,in,a,shallow,dish,step,4,let,fish,stand,at,room,temperatur,10,minut,remov,from,buttermilk,mixtur,allow,excess,to,drip,off,dredg,fish,in,cornmeal,mixtur,shake,off,excess,step,5,pour,oil,to,depth,of,2,inch,into,a,larg,deep,castiron,or,heavyduti,skillet,heat,to,360,step,6,fri,fish,in,batch,2,minut,on,each,side,or,until,golden,brown,transfer,to,a,wire,rack,on,a,paper,towellin,jellyrol,pan,keep,warm,in,a,225,oven,until,readi,to,serv
0,0.0,https://www.southernliving.com/recipes/fried-catfish
0,793.6507936507937,https://www.southernliving.com/recipes/fried-catfish,allpurpos,flour,or,plain,yellow,cornmeal,may,be,substitut
0,0.0,https://www.southernliving.com/recipes/fried-catfish,add,rate,,review
0,0.0,https://www.southernliving.com/recipes/fried-catfish,be,the,first,to,rate,and,review,no,rate,or,review,yet
0,30.23431594860166,https://www.southernliving.com/recipes/fried-catfish,classic,fri,catfish,rate,thi,recip,your,rate,rate,thi,a,1,couldnt,eat,it,rate,thi,a,2,didnt,like,it,rate,thi,a,3,it,wa,ok,rate,thi,a,4,like,it,rate,thi,a,5,love,it,what,did,you,think,about,thi,recip,did,you,make,ani,chang,or,note,cancel,submit,success,thank,for,ad,your,feedback
0,0.0,https://www.southernliving.com/recipes/fried-catfish
0,0.0,https://www.southernliving.com/recipes/fried-catfish
0,0.0,https://www.southernliving.com/recipes/fried-catfish,classic,fri,catfish,serv,per,recip,percent,daili,valu,are,base,on,a,2000,calori,diet,your,daili,valu,may,be,higher,or,lower,depend,on,your,calori,need,nutrient,inform,is,not,avail,for,all,ingredi,amount,is,base,on,avail,nutrient,data,inform,is,not,current,avail,for,thi,nutrient,if,you,are,follow,a,medic,restrict,diet,pleas,consult,your,doctor,or,regist,dietitian,befor,prepar,thi,recip,for,person,consumpt,power,by,the,esha,research,databas,,2018,esha,research,inc,all,right,reserv
0,0.0,https://www.southernliving.com/recipes/fried-catfish,serv,per,recip
0,0.0,https://www.southernliving.com/recipes/fried-catfish,percent,daili,valu,are,base,on,a,2000,calori,diet,your,daili,valu,may,be,higher,or,lower,depend,on,your,calori,need,nutrient,inform,is,not,avail,for,all,ingredi,amount,is,base,on,avail,nutrient,data,inform,is,not,current,avail,for,thi,nutrient,if,you,are,follow,a,medic,restrict,diet,pleas,consult,your,doctor,or,regist,dietitian,befor,prepar,thi,recip,for,person,consumpt
0,0.0,https://www.southernliving.com/recipes/fried-catfish,power,by,the,esha,research,databas,,2018,esha,research,inc,all,right,reserv
0,0.0,https://www.southernliving.com/recipes/fried-catfish
0,0.0,https://www.southernliving.com/recipes/fried-catfish
0,0.0,https://www.southernliving.com/recipes/fried-catfish
0,0.0,https://www.southernliving.com/recipes/fried-catfish,about,us,subscrib,thi,link,open,in,a,new,tab,book,from,southern,live,contact,us,advertis,content,licens,thi,link,open,in,a,new,tab,sitemap
0,0.0,https://www.southernliving.com/recipes/fried-catfish,follow,us
0,0.0,https://www.southernliving.com/recipes/fried-catfish
0,0.0,https://www.southernliving.com/recipes/fried-catfish,subscrib,to,our,newslett
0,0.0,https://www.southernliving.com/recipes/fried-catfish,4,your,health,thi,link,open,in,a,new,tab,allrecip,thi,link,open,in,a,new,tab,all,peopl,quilt,thi,link,open,in,a,new,tab,better,home,,garden,thi,link,open,in,a,new,tab,bizrat,insight,thi,link,open,in,a,new,tab,bizrat,survey,thi,link,open,in,a,new,tab,cook,light,thi,link,open,in,a,new,tab,daili,paw,thi,link,open,in,a,new,tab,eatingwel,thi,link,open,in,a,new,tab,eat,thi,not,that,thi,link,open,in,a,new,tab,entertain,weekli,thi,link,open,in,a,new,tab,food,,wine,thi,link,open,in,a,new,tab,health,thi,link,open,in,a,new,tab,hello,giggl,thi,link,open,in,a,new,tab,instyl,thi,link,open,in,a,new,tab,martha,stewart,thi,link,open,in,a,new,tab,midwest,live,thi,link,open,in,a,new,tab,more,thi,link,open,in,a,new,tab,myrecip,thi,link,open,in,a,new,tab,mywed,thi,link,open,in,a,new,tab,my,food,and,famili,thi,link,open,in,a,new,tab,mylif,thi,link,open,in,a,new,tab,parent,thi,link,open,in,a,new,tab,parent,thi,link,open,in,a,new,tab,peopl,thi,link,open,in,a,new,tab,peopl,en,espaol,thi,link,open,in,a,new,tab,rachael,ray,magazin,thi,link,open,in,a,new,tab,real,simpl,thi,link,open,in,a,new,tab,ser,padr,thi,link,open,in,a,new,tab,shape,thi,link,open,in,a,new,tab,siempr,mujer,thi,link,open,in,a,new,tab,swearbi,thi,link,open,in,a,new,tab,travel,,leisur,thi,link,open,in,a,new,tab
0,0.0,https://www.southernliving.com/recipes/fried-catfish,classic,fri,catfish
