by,154
holly495,1
from,51
484,2
votesjanuari,1
14,10
2019,1
,387
updat,3
juli,18
10,23
2020,1
311,1
comment,30
pin,6
recip,167
jump,5
to,287
thi,167
post,10
may,12
contain,18
affili,5
link,60
pleas,17
read,12
my,30
disclosur,5
polici,15
while,9
i,40
sometim,6
make,56
crockpot,1
chili,59
easi,40
version,2
is,108
great,12
for,129
a,334
weeknight,7
meal,18
season,21
the,402
in,182
are,49
powder,48
and,408
cumin,5
store,5
bought,1
or,99
homemad,24
work,16
well,14
what,12
sweet,11
paprika,1
garlic,8
cayenn,1
pepper,24
onion,21
oregano,1
mix,21
into,28
raw,1
ground,26
beef,29
befor,33
cook,56
ensur,14
everi,12
morsel,1
perfect,13
bean,16
use,75
can,43
red,9
kidney,5
but,10
pinto,2
black,1
as,20
rins,2
unless,1
ad,8
remov,12
excess,9
salt,28
starch,1
add,25
flavor,22
usual,1
either,1
with,95
style,6
sauc,43
brown,16
some,9
of,103
drain,12
ani,37
fat,41
simmer,10
remain,7
ingredi,39
uncov,6
when,6
on,56
stove,7
it,80
which,2
allow,9
natur,2
thicken,7
without,6
have,15
cornstarch,3
flour,37
best,64
option,5
you,77
not,44
alway,3
time,48
let,18
reduc,6
if,40
dont,10
sprinkl,7
littl,21
bit,18
cornmeal,4
slurri,1
spare,1
few,7
extra,8
minut,42
just,28
spice,13
level,2
right,3
our,5
like,15
increas,1
your,81
heat,25
leav,5
seed,7
jalapeno,15
dash,1
hot,12
flake,5
meat,5
will,69
chicken,56
turkey,7
ha,17
lot,2
be,75
sure,12
beer,12
love,16
depth,2
that,20
feel,1
free,1
skip,1
broth,7
swap,4
up,26
way,18
youd,3
texmex,1
toss,9
packet,1
taco,1
100,2
ye,2
freez,7
reheat,14
beauti,5
we,13
singl,2
size,5
portion,4
lunch,1
freezer,7
bag,3
quick,9
defrost,1
fridg,6
overnight,1
saucepan,8
microwav,12
serv,26
instant,4
pot,17
crock,2
texa,2
green,11
15,13
slow,5
cooker,4
butternut,1
squash,1
495,1
vote,5
review,6
prep,10
20,26
minutescook,10
45,4
minutestot,6
1,158
hour,10
5,21
8,24
author,15
holli,11
nilsson,10
big,2
load,4
game,2
day,11
food,25
printpin,10
ingredients,10
2,41
pound,3
lean,5
diced,9
fine,6
4,11
clove,3
minced,3
tablespoon,36
divid,4
taste,6
teaspoon,27
bell,3
ounc,15
crush,3
tomato,10
canned,3
19,14
rinsed,3
dice,10
juice,6
cup,70
paste,3
sugar,51
optional,3
tast,9
instruct,9
combin,18
powderin,3
larg,7
fatadd,3
bring,7
boil,18
4560,3
until,49
reach,3
desir,3
thicknesstop,3
cheddar,13
chees,58
cilantro,7
other,13
favorit,20
top,21
notesserv,2
12,3
replac,4
sour,4
cream,32
avocado,4
lime,4
wedg,4
tortilla,4
chip,13
nutrit,15
informationcalori,5
395,2
carbohydr,10
27g,2
protein,12
29g,2
17g,2
satur,10
6g,8
cholesterol,10
77mg,2
sodium,11
283mg,2
potassium,10
1066mg,2
fiber,11
7g,2
vitamin,16
870iu,2
c,6
262mg,2
calcium,10
86mg,2
iron,10
62mg,2
inform,19
provid,10
an,23
estim,10
vari,10
base,17
method,16
brand,11
keyword,10
cours,15
main,14
cuisin,10
american,10
tex,2
mex,2
spendwithpenniescom,10
content,11
photograph,10
copyright,10
protect,10
share,31
both,11
encourag,10
appreci,10
copi,10
andor,10
past,10
full,15
social,11
media,10
strictli,10
prohibit,10
view,10
photo,10
here,20
calori,9
cornbread,1
plain,2
ol,1
toast,9
butter,48
pretti,1
much,8
bread,60
sop,1
whatev,1
left,8
bottom,5
bowl,18
30,10
dinner,8
roll,8
too,9
need,25
stretch,1
out,32
over,32
white,8
rice,1
put,1
collect,3
toppings,1
everyon,3
differ,6
idea,9
goe,3
stapl,3
monterey,1
jack,9
crouton,1
veggi,6
ton,1
all,32
one,23
chickenturkey,1
prefer,8
choos,1
low,2
product,1
healthi,8
dish,16
soup,8
stew,6
disheschili,1
dog,3
total,121
40,5
min,101
meatless,6
disheshomemad,1
lentil,1
51,2
appet,1
snackschili,1
fri,10
50,5
stewssavori,1
pumpkin,1
hr,64
cookerwhit,1
stewsgreen,1
air,10
fryerhoisin,5
fryer,5
thigh,10
side,10
dishesbalsam,5
roast,10
brussel,5
sprout,5
35,22
bake,84
breadsth,5
pizza,11
dough,29
casserolesclass,5
tater,5
tot,5
casserol,15
breadsstrawberri,4
dishessesam,5
broccoli,5
stir,22
email,21
address,15
publish,5
requir,12
field,5
mark,5
rate,21
name,11
submit,6
agre,5
websit,5
ip,5
spend,17
penni,17
purpos,9
than,10
enabl,5
navig,2
newest,2
april,2
say,32
11,2
2021,34
at,51
103,1
pm,15
thank,9
anoth,3
wonder,1
brows,1
web,1
whenev,1
come,18
know,5
winner,1
repli,26
ch,7
804,2
so,33
glad,3
david,3
herrold,1
june,12
25,5
327,1
quadrupl,1
feed,1
guy,1
sobrieti,1
wa,9
star,2
around,6
27,1
1035,1
am,18
welcom,3
hear,4
dulc,1
312,1
loveeeee,1
cant,1
eat,13
becaus,2
made,5
last,3
weekend,4
camp,1
trip,1
hit,2
again,3
veri,7
delici,15
21,2
952,1
im,1
happi,2
how,31
1209,1
tri,8
realli,8
enjoy,6
luci,2
31,3
842,1
chilli,1
look,6
amaz,7
hous,3
definit,3
forward,1
would,2
abl,2
146,1
follow,8
older,2
wine,6
lover,5
creator,5
shop,5
enthusiast,5
selfappoint,5
foodi,5
greatest,5
passion,5
creat,5
kitchen,23
comfort,5
more,43
about,20
me,6
mash,5
potato,11
lasagna,5
scallop,5
fluffi,21
waffl,5
oven,20
breast,6
parmesan,5
ham,5
glaze,13
reader,7
home,13
occas,6
search,8
moist,11
banana,8
stuf,12
juici,5
pork,5
chop,6
classic,9
noodl,11
meatbal,5
holly5,3
17,6
votesmay,1
7,3
enough,5
celebrationworthi,1
rich,3
cheesi,3
two,5
kind,1
cabot,16
sub,1
even,10
cauliflow,3
buffalo,34
mac,26
potluck,1
parti,1
readi,2
storebought,1
rotisseri,5
bold,2
youll,3
qualiti,7
serious,8
sharp,9
stand,7
next,3
creami,7
kick,5
onli,11
do,16
these,38
nice,2
theyr,13
also,1
age,1
truli,2
addit,5
certifi,1
b,2
corpor,1
mean,3
they,12
meet,1
high,1
standard,2
environment,1
perform,1
cooper,1
dairi,1
farm,1
famili,8
profit,1
go,3
back,3
farmer,1
readymad,2
saver,1
lightli,1
perfectli,1
leftov,11
smoke,6
sausag,1
pasta,16
elbow,4
macaroni,14
hearti,1
penn,1
rotini,1
farfal,1
aka,1
bowti,1
shape,2
cling,1
milder,1
check,1
aisl,1
there,1
mild,5
avail,10
still,1
pack,1
punch,1
al,8
dent,8
per,6
below,9
913,1
rememb,4
firm,4
undersalt,4
onc,11
straight,4
tame,4
although,1
stovetop,1
cheeseburg,1
jalapeo,1
did,7
55,4
spici,2
ultim,2
16,11
dri,13
milk,16
light,16
mustard,6
3,17
shred,11
sauce,3
topping,3
crumbs,3
melt,21
instructionspreheat,6
400fcook,3
water,8
accord,3
packag,6
direct,3
run,3
under,3
cold,4
stop,3
cookingwhil,3
medium,12
minuteadd,3
whisk,18
after,8
each,5
mixtur,29
thick,3
first,8
smooth,8
minuteremov,3
saucecombin,3
spread,7
greas,10
9x13,6
pancombin,3
macaronibak,3
2025,3
bubbl,6
note,5
802,2
58g,2
51g,2
41g,4
22g,4
tran,6
1g,18
182mg,2
1670mg,2
333mg,2
2g,10
1097iu,2
1mg,8
544mg,2
2mg,4
preheat,3
pizzastovetop,1
potinst,1
26,4
casserolescheesi,1
pizzahomemad,1
pizza15,1
dishesdorito,1
tender,1
22,4
ami,2
hakala,1
9,4
127,1
glutenfreeani,1
tip,3
135,1
could,2
us,9
jenni,1
740,1
doubl,6
afraid,6
wouldnt,1
ill,1
save,1
myself,1
colin,2
531,1
frozen,3
6,11
1146,1
havent,1
desicart,2
409,1
blog,1
prepar,8
recipesthank,1
941,1
votesjuli,2
chocol,55
cocoa,23
granul,4
sinc,1
dissolv,1
complet,8
frost,48
spreadabl,1
unsalt,5
result,12
variat,2
vanilla,7
almond,1
brandi,1
extract,4
cool,25
beat,5
whip,2
own,1
doesnt,1
mixer,8
long,3
cake,19
ahead,2
refriger,19
cover,2
room,14
temperatur,11
buttercream,2
easili,1
zipper,2
month,6
simpli,1
yellow,7
fave,1
ever,2
decad,1
poke,1
scratch,6
sheet,6
crowd,1
ice,1
cone,1
cupcak,6
kid,2
minuteschil,2
hourtot,4
simpl,4
french,3
unsweeten,6
whole,8
bittersweet,4
chopped,3
instructionsin,2
small,7
off,5
milkplac,3
pan,31
begin,3
secondsremov,3
pour,5
place,12
plastic,4
wrap,15
rest,3
surfac,3
hourplac,3
power,5
occasion,3
set,17
asid,6
coolcream,3
hand,5
incorpor,3
saltmix,3
speed,3
notesbittersweet,2
substitut,5
semisweet,3
round,8
24,3
week,4
remix,3
should,7
coupl,8
336,2
30g,2
24g,2
15g,4
polyunsatur,6
monounsatur,6
49mg,4
309mg,2
140mg,2
25g,2
576iu,2
42mg,2
dessert,13
birthday,1
dessertgerman,1
dessertchocol,4
dessertnutella,1
dessertbest,1
ganach,1
sharon,2
449,1
today,1
hubbi,1
bday,1
fantast,1
sicki,1
alot,1
new,59
ew,1
426,1
holly489,1
fresh,19
strawberri,25
blueberri,7
raspberri,1
challeng,6
farmerown,1
oldfashion,1
cow,1
loaf,5
tea,1
coffe,1
honey,1
crumb,1
churn,1
daili,6
no,15
preserv,6
hormon,1
dye,1
allpurpos,2
berri,9
give,12
bright,1
spot,1
color,2
tangi,1
zesti,1
chang,2
lemon,8
juic,1
then,5
egg,16
super,1
fold,5
final,1
batter,16
them,24
sink,5
soften,4
avoid,4
overmix,4
tough,4
chewi,4
line,7
parchment,7
paper,9
metal,5
overbak,1
toothpick,9
insert,4
middl,5
clean,9
slice,8
dust,4
keep,21
airtight,1
seal,1
date,1
label,6
outsid,1
thaw,1
breakfast,7
cranberri,2
orang,1
citrusi,1
warm,5
appl,4
pie,2
friendli,1
walnut,2
crunchi,1
streusel,1
489,1
snack,14
strawberries,3
stick,3
softened,3
temperature,3
dividedglaze,2
350f,6
8x4,3
panin,3
asidecream,3
juiceadd,3
mixset,3
breadtoss,3
gentli,3
reserv,5
strawberriesbak,3
4555,3
rackonc,3
smoothdrizzl,3
315,2
4g,6
9g,2
80mg,2
268mg,2
144mg,2
500iu,2
14mg,2
breakfasteasi,1
dessertwarm,1
breadscranberri,1
breadschees,1
recipeshomemad,1
37,2
disheseasi,1
breadsquick,1
muffin,2
43,2
jon,2
210,1
mayb,2
earlier,1
wasnt,1
troubl,1
fulli,5
due,1
now,7
75,1
center,9
seem,2
doughi,1
giggli,1
see,11
fail,1
wast,1
sn,3
916,1
sorri,1
84,1
find,7
produc,1
glass,1
found,1
close,2
90,2
mo,2
18,4
110,1
almost,1
spendwithpennies,1
disast,1
been,1
fault,1
smaller,1
pyrex,1
allot,1
bad,1
retest,1
declar,1
uncl,1
test,1
forever,1
cannot,1
wait,1
tin,1
1208,1
were,1
rescu,1
mindi,2
545,1
mini,7
gave,1
gift,8
wax,1
flower,1
finish,1
touch,1
sound,1
those,1
lucki,1
friend,3
elizabeth,1
216,1
written,1
except,1
strawberrieslterrif,1
keeper,1
carol,1
obrien,1
1118,1
crockett,1
votesjun,1
13,2
four,1
step,9
break,6
baker,1
practic,3
help,5
mint,13
peanut,2
rolo,1
cooki,61
premad,1
origin,1
coconut,1
festiv,1
crunch,6
nut,1
melti,4
cinch,1
blend,1
paddl,4
scoop,4
ball,5
onto,1
flatten,1
spoon,1
seamsid,1
down,9
magic,1
bar,2
decaden,1
crinkl,1
mm,2
good,2
ounces,3
mints,3
asideadd,3
fit,8
attach,3
combinedus,3
press,3
flat,3
circleadd,3
pinch,3
sealrol,3
seam,3
sheetbak,3
transfer,4
wire,4
rack,4
notesthes,2
pop,3
second,3
119,2
20g,2
58mg,2
56mg,2
14g,2
7iu,2
4mg,2
christma,3
christmasth,1
dessertthumbprint,1
42,2
dessertslic,1
icebox,1
dessertperfect,1
nanaimo,1
dessertchristma,1
23,2
8am,5
7c,10
830am,5
730c,10
9am,5
8c,10
930am,5
830c,5
10am,5
9c,10
11am,5
10c,10
12pm,5
11c,10
1pm,5
12c,10
2pm,5
1c,10
3pm,5
2c,10
4pm,5
3c,10
430pm,5
330c,10
5pm,5
4c,5
530pm,5
430c,5
6pm,5
5c,5
630pm,5
530c,5
7pm,5
6c,5
730pm,5
630c,5
8pm,5
830pm,5
9pm,5
10pm,5
11pm,5
1130pm,5
1030c,5
12am,5
1230am,5
1130c,5
1am,5
2am,5
3am,5
330am,5
230c,5
4am,5
430am,5
samantha,15
leffler,10
move,5
feta,5
arriv,5
vanessa,5
rissetto,5
ms,20
rd,20
cdn,15
quit,5
drink,10
lose,5
weight,10
dietitian,7
six,5
sober,5
dig,5
research,9
network,15
plu,5
tahini,5
tobi,10
amidor,10
rapid,5
loss,5
unhealthi,5
danger,5
nutritionist,5
safe,10
effect,5
virginia,5
willi,5
want,10
summer,12
bounti,5
fruit,10
veget,5
where,10
start,10
weve,10
got,10
tool,5
joy,5
cho,5
three,5
pastri,5
profession,5
decor,6
bloom,5
taylor,5
murray,5
matter,5
storag,5
space,10
brittani,10
loggin,10
survey,6
kit,5
market,5
vegetarian,5
hello,6
sweetli,5
cinnamon,5
popcorn,5
hail,10
thoma,10
activist,5
plantbas,5
her,10
warmer,5
weath,5
allison,10
russo,10
snag,5
vibrant,5
sell,5
carlo,5
olaechea,5
ticket,5
glutenfre,5
layla,5
khouryhanold,5
get,7
easytous,5
cookbook,5
kristi,5
collado,5
who,5
treat,5
instead,5
psa,5
melissa,5
gaman,5
less,5
yield,6
jellissa,5
lacon,5
scrambl,5
fn,5
editor,5
ask,5
retail,5
biggest,5
sale,5
year,7
offici,5
rachel,5
trujillo,5
silicon,5
wood,5
stainless,5
steel,5
away,5
daryl,5
beyer,5
cucumb,5
opportun,5
grow,5
michel,5
baricev,5
cute,7
function,5
land,5
satisfi,5
mile,5
along,5
whether,5
steam,5
indispens,5
dana,5
angelo,5
atc,5
spoiler,5
alert,5
lowcal,5
most,9
outdoor,5
leah,5
scalzadonna,5
upgrad,5
everyth,5
burger,5
sweat,5
site,1
click,1
button,1
head,1
explor,3
southern,16
live,13
holiday,6
entertain,7
garden,15
cultur,6
video,3
profil,2
menu,2
account,12
join,6
newslett,7
manag,6
subscript,12
open,55
tab,55
logout,6
book,7
login,4
subscrib,5
fb,1
popular,2
hairstyl,2
trendi,2
haircut,2
everywher,2
castiron,3
skillet,3
learn,2
five,2
fourth,2
cookout,2
trust,2
devil,4
deal,2
fix,1
supper,1
33,2
thing,2
write,2
wed,3
card,2
yoursquor,1
whatrsquo,1
appropri,2
grab,2
stationeri,2
stampsmdashsomeon,2
hitch,2
thanksgiv,1
easter,1
kentucki,1
derbi,1
valentin,1
4th,1
mother,1
heattoler,2
swelter,4
summershouldnt,2
same,2
temp,2
take,2
toll,2
planter,4
plantcombin,2
construct,2
heatresist,2
plant,3
thrive,2
tripledigit,2
sun,2
implement,2
coast,2
smoothli,2
through,2
dayscalm,2
minim,2
conveni,2
characterist,2
wont,2
slather,2
sunscreen,2
morn,2
noon,2
night,2
thirsti,2
quench,2
inspir,1
commun,1
curb,1
appeal,1
plan,1
builder,1
grumpi,1
az,1
70,2
funni,2
nicknam,4
besti,2
uniqu,2
hair,1
travel,2
pet,1
fashion,1
sweepstak,2
chill,2
28,1
checklist,1
togeth,1
buttermilk,3
advertis,2
catfish,4
layer,1
x,1
9inch,1
fish,4
turn,1
shallow,1
drip,1
dredg,1
shake,1
oil,1
inch,1
deep,1
heavyduti,1
360,1
batch,1
golden,1
towellin,1
jellyrol,1
225,1
couldnt,1
didnt,1
ok,1
think,1
cancel,1
success,1
feedback,1
percent,2
valu,4
2000,2
diet,4
higher,2
lower,2
depend,2
nutrient,6
amount,2
data,2
current,2
medic,2
restrict,2
consult,2
doctor,2
regist,2
person,2
consumpt,2
esha,4
databas,2
2018,2
inc,2
contact,1
licens,1
sitemap,1
health,2
allrecip,1
peopl,3
quilt,1
better,1
bizrat,2
insight,1
paw,1
eatingwel,1
weekli,1
giggl,1
instyl,1
martha,1
stewart,1
midwest,1
myrecip,1
mywed,1
mylif,1
parent,2
en,1
espaol,1
rachael,1
ray,1
magazin,1
real,1
ser,1
padr,1
siempr,1
mujer,1
swearbi,1
leisur,1
